,Product Name,Prices,Review
0,"Amazon Basics Glow Toy Dog Balls, 2.5-Inch, 3-Pack, Beige",$13.67,4.4 out of 5 stars
1,"Best Pet Supplies Crinkle Dog Toy for Small, Medium, and Large Breeds, Cute No Stuffing Duck with Soft Squeaker, Fun for Indoor Puppies and Senior Pups, Plush No Mess Chew and Play - Yellow",$5.99,4.4 out of 5 stars
2,"Multipet Plush Dog Toy, Lambchop, 10"", White/Tan, Small",$5.82,4.5 out of 5 stars
3,"Multipet's Original Loofa Jumbo Dog Toy in Assorted Colors, 24-Inch",$5.99,4.2 out of 5 stars
4,"Best Pet Supplies 2-in-1 Stuffless Squeaky Dog Toys with Soft, Durable Fabric for Small, Medium, and Large Pets, No Stuffing for Indoor Play, Supports Active Biting and Play - 1Wild Duck, Small",$5.09,4.3 out of 5 stars
5,"Wobble Wag Giggle Ball, Interactive Dog Toy, Fun Giggle Sounds When Rolled or Shaken, Pets Know Best, As Seen On TV Medium",$14.97,4.1 out of 5 stars
6,"Outward Hound, Hedgehogz Plush Dog Toy, Medium",$6.90,4.3 out of 5 stars
7,"goDog Dinos Frills Squeaky Plush Dog Toy, Chew Guard Technology - Gray, Large",$11.95,4.1 out of 5 stars
8,"Chuckit! Indoor Fetch Ball Dog Toy (4.75 Inch), Orange and Blue",$6.50,4.4 out of 5 stars
9,"Multipet Swingin' Slevin 27"" Duck Plush Dog Toy",$7.05,4.3 out of 5 stars
10,"Amazon Basics Hide and Seek Squeaky Dog Plush Toy, Rabbit and Carrot, Orange and white, 5 Pack",$16.80,4.8 out of 5 stars
11,"Best Pet Supplies 2-in-1 Stuffless Squeaky Dog Toys with Soft, Durable Fabric for Small, Medium, and Large Pets, No Stuffing for Indoor Play, Supports Active Biting and Play - 4 Figures, Small",$12.99,4.3 out of 5 stars
12,"Chuckit! Max Glow Ball Dog Toy, Large (3 Inch Diameter) for Dogs 60-100 lbs, Pack of 1",$7.04,4.7 out of 5 stars
13,"Chuckit! Indoor Fetch Fumbler Dog Toy (9.5 Inch), Orange and Blue",$7.44,4.4 out of 5 stars
14,Petstages Orka Dental Links Dog Chew Toy,$4.76,4.3 out of 5 stars
15,Multipet Swingin Safari Monkey 22-Inch Large Plush Dog Toy with Extra Long Arms and Legs with Squeakers,$8.80,4.4 out of 5 stars
16,Multipet International Original Loofa Dog Mini 6-Inch Dog Toy (Assorted colors),$2.99,4.3 out of 5 stars
17,"Multipet Swingin Slevin XXL Oversized 27-inch Green Frog Plush Dog Toy, Large Breeds",$8.60,4.4 out of 5 stars
18,"Chuckit Ultra Fetch Stick Outdoor Dog Toy, 12 Inches, for All Breed Sizes",$4.55,4.6 out of 5 stars
19,"Nerf Dog Compact Tennis Ball Blaster Gift Set, Great for Fetch, Hands-Free Reload, Launches up to 50 ft, Single Unit, Includes 3 Balls, 4791, Translucent Blue",$26.99,4.0 out of 5 stars
20,"Chuckit Ultra Squeaker Ball Dog Toy, Medium (2.5 Inch) 2 Pack, for Medium Breeds",$7.28,4.8 out of 5 stars
21,"Nerf Dog 15in ABS Cyclone Track Ring with Scratcher and LED Ball, (NC-7897)",$20.99,4.3 out of 5 stars
22,"Nylabone Power Chew Toys Variety Triple Pack - Dog Toys for Aggressive Chewers - Indestructible Dog Bones for Small Dogs - Chicken, Bacon & Peanut Buter Flavors, Small/Regular (3 Count)",$8.89,4.5 out of 5 stars
23,"Nerf Dog Rubber Tire Flyer Dog Toy, Flying Disc, Lightweight, Durable, Floats in Water, Great for Beach and Pool, 10 Inch Diameter, for Medium/Large Breeds, Single Unit, Blue, Original",$4.98,4.1 out of 5 stars
24,"MULTIPET Duckworth Plush Filled Dog Toy, Assorted Colors, (Pack of 1)",$7.99,4.3 out of 5 stars
25,"Benebone Wishbone Durable Dog Chew Toy for Aggressive Chewers, Real Bacon, Made in USA, Medium",$9.99,4.5 out of 5 stars
26,BULLYMAKE Nylon Controller Chew Toy for Dogs | Durable Dog Toy for Aggressive Chewers | Made in USA,$20.99,4.2 out of 5 stars
27,"Chuckit! Pro 25M Max Glow Dog Ball Launcher, 25"" Length, Includes Medium Max Glow Ball (2.5"") For Dogs 20-60 Pounds",$20.74,4.7 out of 5 stars
28,Nerf Dog Tennis Ball Blaster Dog Toy,$28.31,4.2 out of 5 stars
29,"Multipet MiniPet Hedgehog Dog Toy 4"" (Assorted Color, 1 Pack)",$3.99,4.1 out of 5 stars
30,"Chuckit Ultra Fetch Stick Outdoor Dog Toy, 12 Inches, for All Breed Sizes",$4.55,4.6 out of 5 stars
31,"Outward Hound Squeaker Ballz Fetch Dog Toy, Medium - 4 Pack",$6.07,4.2 out of 5 stars
32,"Butters Bone Toy Dogs with Minimal Stuffing and Squeaky Inside | Funny from Park, Flattie Plush Toy| Flat Chew Toy, 9 Inch (FF20344)",$2.99,4.6 out of 5 stars
33,"Charming Pet Latex Rubber Balloon Dog Squeaky Dog Toy, Large",$7.55,4.5 out of 5 stars
34,"Nylabone Power Chew Textured Dog Chew Ring Toy - Tough and Durable Dog Chew Toy - Indestructible Dog Toys for Aggressive Chewers - Flavor Medley, X-Large/Souper (1 Count)",$7.56,4.3 out of 5 stars
35,"Strong 'N Silent Penguin Silent Squeak Plush Dog Toy, Chew Guard Technology - Black/White, Medium",$7.99,4.0 out of 5 stars
36,"Petmate Crackle Heads Crackle Ball Crunchy Noise Chew Fetch Toy for Dogs Assorted Colors, Medium 3' Diameter",$4.67,4.0 out of 5 stars
37,"Hartz Dura Play Bacon Scented Squeak Ball Dog Toy for Small Breeds, 3 Pack",$10.49,4.6 out of 5 stars
38,"Multipet's 11.5-Inch Latex Polka Dot Globken Chicken Dog Toy, Assorted Color",$7.73,4.3 out of 5 stars
39,SPOT by Ethical Products- Bambone Bamboo Stick Durable Dog Chew Toy for Aggressive Chewers – Great Toy for Puppies and Puppy Teething – A Non Splintering Alternative to Real Wood - Large Medium,$4.49,4.3 out of 5 stars
40,"Petstages Dogwood Wood Alternative Dog Chew Toy, Large",$5.83,4.5 out of 5 stars
41,"Outward Hound Nina Ottosson Dog Brick Interactive Treat Puzzle Dog Toy, Intermediate",$15.24,4.4 out of 5 stars
42,"Multipet Bark Buddies Sloth 10"" Dog Toy for All Breed Sizes",$7.99,4.4 out of 5 stars
43,"Outward Hound Fattiez Pig Plush Squeaky Dog Toy, Small",$5.93,4.4 out of 5 stars
44,"Outward Hound Squeaker Matz Plush Gator Dog Toy, XXL",$19.99,4.3 out of 5 stars
45,Chuckit! Indoor Super Slider Dog Self Fetch Squeaker Toy -Glides Harmlessly On Most Indoor Surfaces,$12.54,3.9 out of 5 stars
46,"Pet Craft Supply Hide&Seek Plush Dog Toys Crinkle Squeaky Interactive Burrow Activity Puzzle Chew Fetch Treat Hiding Brain Stimulating Cute Funny Toy Bundle Pk for Small&Medium Dogs Puppies,4Piece Set",$11.83,4.5 out of 5 stars
47,"Real Bacon Medium 3-Pack Durable Dog Chew Toys for Aggressive Chewers, Made in USA – Wishbone, Zaggler, Stick",$15.80,4.7 out of 5 stars
48,Nickelodeon for Pets Rugrats Tommy and Chuckie Figure Plush Figure Dog Toys - 6 Inch Baby Nickelodeon Toys - 2 Rugrats Toys for Dogs from Nickelodeon 90s - Nickelodeon Small Plush Toys for Dogs,$10.36,4.6 out of 5 stars
49,"Franklin Pet Supply Squeaky - Ready Set Fetch Dog Toy Tennis Balls with Squeaker - Perfect Pet Toy for Small, Medium + Large Dogs - 3 Pack",$5.99,4.3 out of 5 stars
50,"NYLABONE Lobster Dog Toy Power Chew – Cute Dog Toys for Aggressive Chewers – with a Funny Twist! Filet Mignon Flavor, Small/Regular",$8.99,4.5 out of 5 stars
51,"Aladdin Genie Bungee Plush Dog Toy with Squeaker, 9in | Disney Dog Toys | Fun Stretchy Bungee Tug Toy for Dogs Inspired by Genie from Aladdin 6 Inch",$6.99,4.4 out of 5 stars
52,"Star Wars for Pets Plush Chewbacca Figure Dog Toy | Soft Star Wars Squeaky Dog Toy | Medium | Adorable Toys for All Dogs, Official Dog Toy Product of Star Wars for Pets",$6.56,4.5 out of 5 stars
53,"Planet Dog Orbee-Tuff Snoop Interactive Treat Dispensing Dog Toy, Large, Blue",$9.12,4.4 out of 5 stars
54,"ChuckIt! Paraflight Flying Disc Dog Toy, Large (9.75""), Orange And Blue",$4.44,4.4 out of 5 stars
55,"Chuckit! Kick Fetch Ball Dog Toy, Large (8 Inch)",$25.29,4.5 out of 5 stars
56,"Health Extension SNUG AROOZ Cute Bella The Bear Stuffed Animals for Dogs, Cool Puppy Toys, Tough & Durable Soft Squeaky for Chewers, for Pet - Purple",$13.80,4.6 out of 5 stars
57,"Starmark Treat Dispensing Bob-a-Lot Dog Toy, All Breed Sizes (Pack of 1)",$16.99,4.4 out of 5 stars
58,Outward Hound Xtreme Seamz Raccoon Squeaky Plush Dog Toy - Reinforced Dense Stuffing Plush Toy,$9.99,3.6 out of 5 stars
59,"Chuckit Ultra Squeaker Ball Dog Toy, Large (3 Inch) 1 Pack, for Large Breeds",$11.40,4.8 out of 5 stars
60,"Best Pet Supplies 2-in-1 Stuffless Squeaky Dog Toys with Soft, Durable Fabric for Small, Medium, and Large Pets, No Stuffing for Indoor Play, Supports Active Biting and Play - 4 Figures, Small",$12.99,4.3 out of 5 stars
61,"Chuckit! Indoor Fetch Fumbler Dog Toy (9.5 Inch), Orange and Blue",$7.44,4.4 out of 5 stars
62,"Nerf Dog Compact Tennis Ball Blaster Gift Set, Great for Fetch, Hands-Free Reload, Launches up to 50 ft, Single Unit, Includes 3 Balls, 4791, Translucent Blue",$26.99,4.0 out of 5 stars
63,"Chuckit! Max Glow Ball Dog Toy, Large (3 Inch Diameter) for Dogs 60-100 lbs, Pack of 1",$7.04,4.7 out of 5 stars
64,"Hyper Pet Real Skinz Plush Dog Toy with Squeaker, Opossum, for All Breed Sizes",$19.99,4.4 out of 5 stars
65,"Amazon Basics Rubber Fetch Toy Dog Balls, 2.5-Inch, 10-Pack",$23.93,4.4 out of 5 stars
66,"KONG 41938 Classic Dog Toy, Large, Red, KONG Classic Large",$13.99,4.6 out of 5 stars
67,"Dog Chew Toy for Aggressive Chewer, 13 Pack Interactive Dog Toys Dog Rope Toys for Medium to Large Breed Dog, Almost Indestructible Puppy Teething Toys Tug of War for Training",$15.44,4.3 out of 5 stars
68,"Star Wars Mandalorian: The Child Oxford Bone Squeak Toy Dog Toy from Star Wars & The Mandalorian Bone-Shaped Squeaker Toy Star Wars Squeaky Chew Toy for Dogs,8 Inch",$5.99,4.5 out of 5 stars
69,"goDog Action Plush Beaver Animated Squeaky Dog Toy, Chew Guard Technology - Brown, One Size",$14.99,4.2 out of 5 stars
70,"Nerf Dog 15in ABS Cyclone Track Ring with Scratcher and LED Ball, (NC-7897)",$20.99,4.3 out of 5 stars
71,BULLYMAKE Nylon Controller Chew Toy for Dogs | Durable Dog Toy for Aggressive Chewers | Made in USA,$20.99,4.2 out of 5 stars
72,"Chuckit! Pro 25M Max Glow Dog Ball Launcher, 25"" Length, Includes Medium Max Glow Ball (2.5"") For Dogs 20-60 Pounds",$20.74,4.7 out of 5 stars
73,Nerf Dog Tennis Ball Blaster Dog Toy,$28.31,4.2 out of 5 stars
74,"Jolly Pets Teaser Ball Dog Toy, Extra Large/10 Inches, Red (1510 RD)",$29.88,4.4 out of 5 stars
75,"Benebone Fishbone Durable Dog Chew Toy for Aggressive Chewers, Real Fish, Made in USA, Medium",$12.78,4.7 out of 5 stars
76,"Flea 12"" Plush Dog Toy",$9.74,4.6 out of 5 stars
77,Lil' Bitty Squeakers Zebra,$6.90,4.2 out of 5 stars
78,"Chuckit Ultra Fetch Stick Outdoor Dog Toy, 12 Inches, for All Breed Sizes",$4.55,4.6 out of 5 stars
79,"Chuckit Ultra Squeaker Ball Dog Toy, Medium (2.5 Inch) 2 Pack, for Medium Breeds",$7.28,4.8 out of 5 stars
80,Chuckit! Indoor Super Slider Dog Self Fetch Squeaker Toy -Glides Harmlessly On Most Indoor Surfaces,$12.54,3.9 out of 5 stars
81,Nerf Dog 8in TPR EXO Squeak Stick - Blue/Orange,$9.17,4.3 out of 5 stars
82,"Benebone Ring Durable Dog Chew Toy for Aggressive Chewers, Real Bacon, Made in USA, Small",$12.45,4.7 out of 5 stars
83,"Chuckit Air Fetch Ball Dog Toy, Medium (2.5 Inch Diameter), for dogs 20-60 lbs",$13.95,4.5 out of 5 stars
84,KONG - Tires - Durable Rubber Chew Toy and Treat Dispenser for Power Chewers - for Medium/Large Dogs,$10.99,4.4 out of 5 stars
85,"Outward Hound Sillyz Pig Latex Rubber Squeaky Ball Dog Fetch Toy, Pink",$9.99,4.3 out of 5 stars
86,"JW Pet Hol-ee Roller Dog Toy Puzzle Ball, Natural Rubber, Medium (4.5 Inch Diameter), Colors May Vary",$8.31,4.3 out of 5 stars
87,Nylabone Dog Toy Power Chew Dog Toy for Aggressive Chewers - X-Shape Dog Toy - Small - Up to 25 lbs.,$7.44,4.5 out of 5 stars
88,"Jolly Pets Romp-n-Roll Rope and Ball Dog Toy, 8 Inches/Large, Blue, Model:608 BL",$20.60,4.5 out of 5 stars
89,"Amazon Basics Dog Treat Dispensing Enrichment Chew Toy, 2-Pack, Large, Multi color",$14.21,4.5 out of 5 stars
90,"9 Pack Dog Toys, Luxury Puppy Chew Toys for Teething, Cotton Squeaky Plush Toys for Small Dogs, Durable Interactive Treat Dog Ball and Bones, Rubber Rope Toys for Puppies Chewer Cleaning",$10.99,4.5 out of 5 stars
91,"Benebone Dental Durable Dog Chew Toy for Aggressive Chewers, Real Bacon, Made in USA, Medium",$11.95,4.6 out of 5 stars
92,"Fringe Studio Plush Dog Toy, My Heart Pops for You, Pet Shop Collection (314314)",$15.08,4.7 out of 5 stars
93,"goDog Furballz Squeaky Plush Ball Dog Toy, Chew Guard Technology - Cool Rainbow, Large",$15.05,4.4 out of 5 stars
94,SPOT by Ethical Products - Bambone Plus – Easy Grip Durable Dog Chew Toy for Aggressive Chewers Puppies and Dogs - Beef- Large Brown Medium,$7.00,4.6 out of 5 stars
95,"Multipet Rope Body Loofa 11"" Dog Toy",$8.40,4.0 out of 5 stars
96,"Gnawsome™ 4.5” Spiky Squeaker Football Dog Toy - Large, Cleans Teeth and Promotes Good Dental and Gum Health for Your Pet, Colors Will Vary,All Breed Sizes",$6.15,4.3 out of 5 stars
97,Star Wars Dog Toy Boba Fett Plush Squeaker| 6” Mandalorian Bounty on Your Heart Plush Squeaker Pet Toy | Star Wars Toy for Dogs Boba Fett Stuffed Animal 6 inch,$6.33,4.6 out of 5 stars
98,Charming Pet Ropes-A-Go-Go Dragon Interactive Plush Squeaky Dog Tug Toy,$10.00,4.3 out of 5 stars
99,"Benebone Maplestick Durable Dog Chew Toy for Aggressive Chewers, Real Maplewood, Made in USA, Medium",$14.20,4.6 out of 5 stars
100,Charming Pet Cuddle Tugs Cow Plush Squeaky Dog Toy,$15.99,4.5 out of 5 stars
101,"Chuckit! Rope Fetch Dog Toy, Indoor And Outdoor Dog Toy, Pack Of 1",$14.40,4.4 out of 5 stars
102,"Star Wars Dog Toy Yoda 6 Inch Plush Flattie Dog Toy | Small Yoda Dog Toy, Small Dog Chew Toy for All Dogs | Flat Dog Toy, Stuffingless Dog Toy for Pets",$5.29,4.3 out of 5 stars
103,"Fringe Studio Plush Dog Toy, I Wanna Be A Baller, Pet Shop Collection (289885)",$12.49,4.3 out of 5 stars
104,Spunky pup Squeaky Gems Heart Dog Toy | Fun Squeak | Crazy Bounce Gem Cut Shape that Floats | Non-Toxic Rubber | Dishwasher Safe | Perfect Toys for Small to Medium Breeds,$10.18,4.6 out of 5 stars
105,"Chuckit Ultra Tug Dog Toy, Large Fetch and Dog Ball Tug Toy for Dogs 60-100 Pounds",$11.72,4.5 out of 5 stars
106,"Charming Pet Scruffles Moose Plush Squeaky Dog Toy, Large",$11.99,4.4 out of 5 stars
107,"Pet Zone IQ Treat Ball Dog Treat Dispenser Toy Ball Interactive Dog Toy - 4"" Dog Food Toy Stimulation, Slow Feeder",$12.95,3.8 out of 5 stars
108,"KONG - Extreme Dog Toy - Toughest Natural Rubber, Black - Fun to Chew, Chase and Fetch - for X-Large Dogs",$20.99,4.6 out of 5 stars
109,"Hartz DuraPlay Bone Squeaky Latex Dog Toy for Medium Breeds, 3 Pack",$11.64,4.5 out of 5 stars
110,"Chuckit Fetch Medley Dog Ball Dog Toys, Medium (2.5 Inch) Pack of 3, for Medium Breeds, Includes Whistler, Max Glow and Rebounce Balls",$9.89,4.8 out of 5 stars
111,"Pearhead Dogkatsu Ramen Dog Toys, Set of 3, Must Have Toys for Pet Owners, Plush Chew Toys Set of 3, Ramen Noodle Toy Set for Pets",$9.99,4.7 out of 5 stars
112,"West Paw Zogoflex Echo Zwig Squeezy Dog Fetching Stick – Bouncy, Hollow, Squishy Interactive Toy for Puppies, Large Dogs – Floatable Stick, Lightweight Chewy Toy for Catch/Fetch – 13.75”, Jungle Green",$19.95,4.7 out of 5 stars
113,"Multipet Lamb Chop Dog Toy with Birthday Hat, Pink, 10.5""",$12.95,4.6 out of 5 stars
114,"Amazon Basics Hide and Seek Squeaky Dog Plush Toy, Rabbit and Carrot, Orange and white, 5 Pack",$16.80,4.8 out of 5 stars
115,"Outward Hound Double Snoop Interactive Treat Stuffer Durable Dog Toy, Dog Treat Toy, Purple",$15.48,N/A
116,"Nerf Dog Toss and Tug Ring Dog Toy, Flying Disc, Lightweight, Durable and Water Resistant, 9 Inch Diameter, For Medium/Large Breeds, Two Pack, Green and Orange",$16.99,4.4 out of 5 stars
117,Arm & Hammer for Pets Super Treadz Gorilla Dental Chew Toy for Dogs - Dog Dental Toys Reduce Plaque & Tartar Buildup Without Brushing - Safe for Dogs up to 35 Lbs,$11.60,4.2 out of 5 stars
118,"Arm & Hammer Ora-Play T-Bone Dental Chew Toy for Dogs | Best Dog Chew Toy For the Toughest Chewers | Reduces Plaque & Tartar Buildup Without Brushing, Peanut Butter Flavor",$5.98,4.2 out of 5 stars
119,BULLYMAKE Nylon Steak Chew Toy For Dogs | Durable Dog Toy for Aggressive Chewers | Made in USA,$17.99,4.2 out of 5 stars
120,BULLYMAKE Nylon Controller Chew Toy for Dogs | Durable Dog Toy for Aggressive Chewers | Made in USA,$20.99,4.2 out of 5 stars
121,"Nerf Dog Compact Tennis Ball Blaster Gift Set, Great for Fetch, Hands-Free Reload, Launches up to 50 ft, Single Unit, Includes 3 Balls, 4791, Translucent Blue",$26.99,4.0 out of 5 stars
122,"Chuckit! Pro 25M Max Glow Dog Ball Launcher, 25"" Length, Includes Medium Max Glow Ball (2.5"") For Dogs 20-60 Pounds",$20.74,4.7 out of 5 stars
123,"Chuckit! Max Glow Ball Dog Toy, Large (3 Inch Diameter) for Dogs 60-100 lbs, Pack of 1",$7.04,4.7 out of 5 stars
124,"Chuckit Zipflight Flying Disc Dog Toy, Medium (8.5""), Orange And Blue",$10.50,4.5 out of 5 stars
125,KONG Goodie Bone - Rubber Dog Toy - Dental Dog Toy for Teeth & Gum Health - Durable Dog Chew Toy - Hard Rubber Bone for Dogs - Fillable Toy for Dispensing Treats - Large Dogs,$15.99,4.5 out of 5 stars
126,Chew King Fetch Balls Extremely Durable Natural Rubber Toy 3 inch Balls - Pack of 3 (CM-0263-CS01),$11.63,4.7 out of 5 stars
127,"Chew Guard Flats Toy, Giraffe, Yellow/Brown Ultrasonic Silent Squeaker Dog Toy, Large",$15.66,4.0 out of 5 stars
128,"Chuckit Max Glow Ball Dog Toy, Medium (2.5 Inch Diameter) for dogs 20-60 lbs, Pack of 2",$12.93,4.7 out of 5 stars
129,"SPOT Ethical Pets Raccoon Skinneeez Extreme Stuffingless Quilted Dog Toy, 23""",$14.81,4.2 out of 5 stars
130,"Nerf Dog 15in ABS Cyclone Track Ring with Scratcher and LED Ball, (NC-7897)",$20.99,4.3 out of 5 stars
131,"Chuckit! Indoor Fetch Fumbler Dog Toy (9.5 Inch), Orange and Blue",$7.44,4.4 out of 5 stars
132,"Chuckit! Amphibious Tri-Bumper Fetch Dog Toy, Medium (8.2 Inch),Black",$14.15,4.3 out of 5 stars
133,"Nerf Dog Rubber Tire Flyer Dog Toy, Flying Disc, Lightweight, Durable, Floats in Water, Great for Beach and Pool, 10 Inch Diameter, 3 Pack, Red and Translucent Green and Translucent Blue",$16.53,4.1 out of 5 stars
134,"Chuckit! Fumble Fetch Dog Toy, Outdoor and Indoor Dog Toy Small",$14.94,4.5 out of 5 stars
135,"Nerf Dog Crunch and Squeak Rubber Ball Dog Toy, Single, Medium/Large, Blue",$10.10,4.3 out of 5 stars
136,"Outward Hound Tough Seamz Lion Plush Dog Toy, Medium",$12.49,4.1 out of 5 stars
137,"Outward Hound Flapperz Plush Crinkle Duck Dog Toy, 2-Pack - Grunt, Crinkle & Flop, Small",$11.24,4.1 out of 5 stars
138,"ChuckIt! Kick Fetch Dog Toy Ball, Glow In The Dark, Small",$16.20,4.5 out of 5 stars
139,"Chuckit Amphibious Bumper Fetch and Float Dog Toy, Small (Assorted Colors)",$10.83,4.4 out of 5 stars
140,"Best Pet Supplies 2-in-1 Stuffless Squeaky Dog Toys with Soft, Durable Fabric for Small, Medium, and Large Pets, No Stuffing for Indoor Play, Supports Active Biting and Play - 4 Figures, Small",$12.99,4.3 out of 5 stars
141,Nerf Dog 8in TPR EXO Squeak Stick - Blue/Orange,$9.17,4.3 out of 5 stars
142,"Real Bacon Medium 4-Pack Durable Dog Chew Toys for Aggressive Chewers, Made in USA – Wishbone, Ring Stuffer, Dental Chew, Stick",$18.99,4.7 out of 5 stars
143,Nina Ottosson by Outward Hound Lickin' Layers Interactive Dog Puzzle Game and Slow Feeder,$23.24,4.7 out of 5 stars
144,"Mammoth Flossy Chews 100 Percent Natural Cotton Rope Dog Toys - Premium White Knot Dog Rope Toy - Interactive Dog Tug Toy - Tug Dog Chewy Toy for Small Dogs - Small 9""",$4.99,4.4 out of 5 stars
145,"Nerf Dog Rubber Football Dog Toy with Interactive Squeaker, Lightweight, Durable and Water Resistant, 7 Inch Diameter for Medium/Large Breeds, Single Unit, Red",$12.00,4.6 out of 5 stars
146,"Puppy Teething Chew Toys - 15 Pack Durable Small Medium Breed Dog Toys for Puppies, Dog Rope Chew Toys Bundle for Boredom, Interactive Squeaky Treat Dispensing Ball, Funny Flyer, Safe for Pets",$35.00,4.1 out of 5 stars
147,"TRIXIE Mad Scientist Turn Around Strategy Game, Intermediate Dog Puzzle Toy, Level 2 Activity, Treat Puzzle",$12.55,4.1 out of 5 stars
148,"Tonka Mega Tread Rope Tug Dog Toy, Lightweight, Durable and Water Resistant, 15 Inches, for Medium/Large Breeds, Single Unit, Yellow/Black",$15.99,4.2 out of 5 stars
149,"Jolly Pets Large Soccer Ball Floating-Bouncing Dog Toy, 8 inch Diameter, Apple Green",$21.43,4.5 out of 5 stars
150,"Hunger for Words Talking Buttons Starter Set - Recordable Buttons to Teach Your Dog to Communicate, Dog Training Games",$15.99,4.0 out of 5 stars
151,"SmartPetLove Original Snuggle Puppy Heartbeat Stuffed Toy for Dogs. Pet Anxiety Relief and Calming Aid, Comfort Toy for Behavioral Training in Brown and White",$39.92,4.5 out of 5 stars
152,SPOT by Ethical Products Skinneeez - The Original Stuffless Stuffingless Dog Toys - Squeak Toys Tug Toy Small Dogs and Large Dogs Puppy Chew Toy Alternative Interactive Dog Toy -Goose - Small,$9.89,4.2 out of 5 stars
153,"Outward Hound Fire Biterz Green Lizard Plush Firehose Material Interactive Dog Toy, Large",$15.82,3.6 out of 5 stars
154,"Urban Stick Dog Toy, Small - Interactive Dog Chew Toy That Stands Up to The Toughest Chewers, for Dogs up to 20 lbs. (9 kg)",$12.99,5.0 out of 5 stars
155,"Fringe Studio Plush Dog Toy, Shark Week REX (289879) for All Breed Sizes",$13.00,4.6 out of 5 stars
156,"Benebone Puppy 2-Pack Maplestick/Zaggler Durable Dog Chew Toys for Gentle Chewers, Real Bacon, Real Maplewood, Made in USA, Tiny",$14.20,4.4 out of 5 stars
157,Starmark Swing 'n Fling DuraFoam Ball Dog Toy Medium,$12.62,4.4 out of 5 stars
158,"Disney for Pets Villains Cruella 9"" Plush Toy for Dogs | Cruella Plush Dog Toy | Disney Movie Toys for All Dogs, Officially Licensed Dog Toy Product of Disney for Pets",$8.59,4.7 out of 5 stars
159,Nickelodeon for Pets Ren & Stimpy 9 Inch Ren Plush Dog Toy | Soft and Plush Dog Toys from Nickelodeon 90s TV Series The Ren & Stimpy Show | Plush Figure Medium Dog Toy for All Dogs,$8.99,4.7 out of 5 stars
160,"Pet Campfire Tails 2-in1 Plush Dog Toy Set | 2 Piece Durable Crinkle and Squeaker Chew Toy Set for Dogs - Interactive, Tough Dog Chew Toy with Extra Mesh Lining and Double Stitching",$9.99,N/A
161,"SPOT Woodsy Gnome Plush Toy for Dogs 12"", Assorted",$10.99,4.1 out of 5 stars
162,"Starmark Everlasting Fun Ball on a Rope Dog Toy,Greens,Medium/Large",$16.99,4.4 out of 5 stars
163,"Ball Dog Toy, Large - Interactive Dog Chew Toy That Stands Up to The Toughest Chewers, for Dogs Between 30-60+ lbs. (13-27+ kg.)",$14.03,N/A
164,PetSafe Busy Buddy Barnacle - Dog Chew Toy - Treat Dispensing Dog Toys Purple Large,$17.95,4.2 out of 5 stars
165,"Jolly Pets Tree Tugger For Dog, Green",$21.89,4.2 out of 5 stars
166,"Chuckit! Medium Fetch Ball 2.5"", 2 Pack (Colors Vary)",$6.34,4.7 out of 5 stars
167,"Crinkle Flattie Sloth Dog Toy; Crinkle Flattie Durable Dog Toy, Durable Toys for Dogs, Stuffingless Dog Toys, Flat Dog Toys, Crinkle Dog Toys",$12.99,2.5 out of 5 stars
168,"Stuffer Treat Dog Toy - High-Visibility Treat Dispenser, Great for Redirected Chewing",$13.42,N/A
169,Dog Chew Toy for Aggressive Chewer Antlers Dogs Chewing Toy Puppy Teething Bone Toy Toothbrush Pet Supply Pet Biting Toy,$8.40,N/A
170,"Jolly Pets Monster Mouth Oval Dog Toy/Treat Holder, 4 Inches, Green",$12.29,4.2 out of 5 stars
171,"PetSafe Busy Buddy Kibble Nibble Meal Dispensing Dog Toy, Small - PTY00-13739,purple, Large",$17.95,3.9 out of 5 stars
172,"for Pets 3 Piece 4"" PAC-MAN, Inky + Blinky Plush Crinkle Flattie Squeak Toy for Dogs | Plush Dog Toys with Squeaky | Officially Licensed Pet Products",$14.99,4.1 out of 5 stars
173,"Jolly Pets Flathead Tug/Squeak Dog Toy, Zebra, Medium, Model Number: FHZ7",$11.99,3.7 out of 5 stars
174,"NFL Football Field DOG TOY with Squeaker. - GREEN BAY PACKERS - For Tug, Toss, and Fetch. - Tough & Durable PET TOY",$12.99,4.7 out of 5 stars
175,Durable Plush Chew Toy for Dogs Rose,$10.65,N/A
176,"LONGLUAN Briteza Dog Toys, Immortal Squeaker Plush Toy for Aggressive Chewers, Indestructible Dog Toy, Durable Dog Toys, Dog Tough Toys for Aggressive Chewers, Chew Proof Dog Toy (Brown)",$5.99,N/A
177,Cool Runners Yo-Yo Dental Ball Dog Toy - Assorted Colours,$13.99,N/A
178,"Dog Chew Toy for Aggressive Chewers, Indestructible Dog Toys for Large Dogs, Extreme Tough Durable Dog Toy Nylon Bone for Medium/Large Breeds, Clean Teeth and Keep Busy",$15.99,N/A
179,Cool Runners Retractable Dental Ball with Launcher Dog Toy - Assorted Colours,$19.61,N/A
180,"Chuckit! Indoor Fetch Fumbler Dog Toy (9.5 Inch), Orange and Blue",$7.44,4.4 out of 5 stars
181,"Nerf Dog Compact Tennis Ball Blaster Gift Set, Great for Fetch, Hands-Free Reload, Launches up to 50 ft, Single Unit, Includes 3 Balls, 4791, Translucent Blue",$26.99,4.0 out of 5 stars
182,"Chuckit! Max Glow Ball Dog Toy, Large (3 Inch Diameter) for Dogs 60-100 lbs, Pack of 1",$7.04,4.7 out of 5 stars
183,"Best Pet Supplies 2-in-1 Stuffless Squeaky Dog Toys with Soft, Durable Fabric for Small, Medium, and Large Pets, No Stuffing for Indoor Play, Supports Active Biting and Play - 4 Figures, Small",$12.99,4.3 out of 5 stars
184,PetSafe Busy Buddy Treat Holding Jack Dog Toy – Strong Chewers - Challenging - Treat Rings Included - Large,$22.95,4.4 out of 5 stars
185,Starmark Swing 'n Fling DuraFoam Ball Dog Toy Medium,$12.62,4.4 out of 5 stars
186,SPOT by Ethical Products Skinneeez - The Original Stuffless Stuffingless Dog Toys - Squeak Toys Tug Toy Small Dogs and Large Dogs Puppy Chew Toy Alternative Interactive Dog Toy -Goose - Small,$9.89,4.2 out of 5 stars
187,Bow Wow Pet Pizza Dog Toy Squeaky Plush One Piece Pet Teeth Teasing Toy,$12.99,4.5 out of 5 stars
188,"Friends Dog Toy, Orange Sofa Pivot Couch from Friends TV Show Stuffed Animal Dog Toy, Friends TV Show Merchandise Plush Dog Toy, 10"" (FF13115)",$9.71,4.7 out of 5 stars
189,"TRIXIE Gambling Tower Strategy Game, Intermediate Dog Puzzle Toy, Level 2 Activity, Treat Puzzle, Interactive Play, Enrichment",$9.85,4.1 out of 5 stars
190,"Nerf Dog 15in ABS Cyclone Track Ring with Scratcher and LED Ball, (NC-7897)",$20.99,4.3 out of 5 stars
191,"Chuckit! Pro 25M Max Glow Dog Ball Launcher, 25"" Length, Includes Medium Max Glow Ball (2.5"") For Dogs 20-60 Pounds",$20.74,4.7 out of 5 stars
192,BULLYMAKE Nylon Controller Chew Toy for Dogs | Durable Dog Toy for Aggressive Chewers | Made in USA,$20.99,4.2 out of 5 stars
193,Chuckit! Indoor Super Slider Dog Self Fetch Squeaker Toy -Glides Harmlessly On Most Indoor Surfaces,$12.54,3.9 out of 5 stars
194,"Outward Hound Durablez Tough Plush Squeaky Dog Toy, Gecko, Green, Large",$12.99,3.7 out of 5 stars
195,"Benebone Tripe Bone Durable Dog Chew Toy for Aggressive Chewers, Real Tripe, Made in USA, Medium",$12.60,4.6 out of 5 stars
196,"Urban Stick Dog Toy, Small - Interactive Dog Chew Toy That Stands Up to The Toughest Chewers, for Dogs up to 20 lbs. (9 kg)",$12.99,5.0 out of 5 stars
197,iDig Stay Digging Toy for Dogs,$99.99,3.7 out of 5 stars
198,Nerf Dog Tennis Ball Blaster Dog Toy,$28.31,4.2 out of 5 stars
199,"Chuckit Ultra Fetch Stick Outdoor Dog Toy, 12 Inches, for All Breed Sizes",$4.55,4.6 out of 5 stars
200,"Chuckit Amphibious Bumper Fetch and Float Dog Toy, Small (Assorted Colors)",$10.83,4.4 out of 5 stars
201,"Nerf Dog Rubber Tire Flyer Dog Toy, Flying Disc, Lightweight, Durable, Floats in Water, Great for Beach and Pool, 10 Inch Diameter, 3 Pack, Red and Translucent Green and Translucent Blue",$16.53,4.1 out of 5 stars
202,"Fringe Studio Plush Dog Toy, Shark Week REX (289879) for All Breed Sizes",$13.00,4.6 out of 5 stars
203,Nylabone Double Action Power Chew Durable Dog Toy Bacon X-Large/Souper (1 Count),$22.60,4.6 out of 5 stars
204,"Disney for Pets Villains Cruella 9"" Plush Toy for Dogs | Cruella Plush Dog Toy | Disney Movie Toys for All Dogs, Officially Licensed Dog Toy Product of Disney for Pets",$8.59,4.7 out of 5 stars
205,"Minnie Mouse Plush Squeaky Dog Toy 9in | Disney Dog Toys | Plush Squeaker Toy for Dogs Inspired by Minnie Mouse, Disney Mickey and Friends",$9.99,4.8 out of 5 stars
206,"Hartz DuraPlay Bacon Scented Dog Toys, 1 Count, All Breed Sizes",$10.97,4.3 out of 5 stars
207,"Starmark Everlasting Fun Ball on a Rope Dog Toy,Greens,Medium/Large",$16.99,4.4 out of 5 stars
208,Nickelodeon for Pets Ren & Stimpy 9 Inch Ren Plush Dog Toy | Soft and Plush Dog Toys from Nickelodeon 90s TV Series The Ren & Stimpy Show | Plush Figure Medium Dog Toy for All Dogs,$8.99,4.7 out of 5 stars
209,BULLYMAKE – Beach Ball Rubber Chew Toy for Dogs – Rubber Toy for Dogs – Made in USA – Treat Stuffing Toy,$20.99,3.7 out of 5 stars
210,Starmark Everlasting Treat Ball Large with 1 treat,$21.52,4.4 out of 5 stars
211,"Pet Campfire Tails 2-in1 Plush Dog Toy Set | 2 Piece Durable Crinkle and Squeaker Chew Toy Set for Dogs - Interactive, Tough Dog Chew Toy with Extra Mesh Lining and Double Stitching",$9.99,N/A
212,"Jolly Pets Tree Tugger For Dog, Green",$21.89,4.2 out of 5 stars
213,"SPOT Woodsy Gnome Plush Toy for Dogs 12"", Assorted",$10.99,4.1 out of 5 stars
214,"Chuckit! Medium Fetch Ball 2.5"", 2 Pack (Colors Vary)",$6.34,4.7 out of 5 stars
215,PetSafe Busy Buddy Barnacle - Dog Chew Toy - Treat Dispensing Dog Toys Purple Large,$17.95,4.2 out of 5 stars
216,"Nerf Dog 10in TPR/PP Scented Peanut Butter SuperScent Stick Solid Core -Clear/Blue, (NF-7133)",$10.99,4.1 out of 5 stars
217,Franklin Pet Supply Ready Set Fetch Mini Automatic Tennis Ball Launcher Dog Toy - Electronic Mini Tennis Ball Thrower for Fetch + Playtime - Launches up to 40 Feet - Interactive Dog Fetch Toy - Mini,$89.57,3.6 out of 5 stars
218,"Ball Dog Toy, Large - Interactive Dog Chew Toy That Stands Up to The Toughest Chewers, for Dogs Between 30-60+ lbs. (13-27+ kg.)",$14.03,N/A
219,"Crinkle Flattie Sloth Dog Toy; Crinkle Flattie Durable Dog Toy, Durable Toys for Dogs, Stuffingless Dog Toys, Flat Dog Toys, Crinkle Dog Toys",$12.99,2.5 out of 5 stars
220,"JW Pet Company iSqueak Bouncin' Baseball Dog Toy, Medium (Colors Vary)",$5.99,4.4 out of 5 stars
221,"Stuffer Treat Dog Toy - High-Visibility Treat Dispenser, Great for Redirected Chewing",$13.42,N/A
222,Dog Chew Toy for Aggressive Chewer Antlers Dogs Chewing Toy Puppy Teething Bone Toy Toothbrush Pet Supply Pet Biting Toy,$8.40,N/A
223,"Little Live Pets Hug n' Hang Zoogooz - Duroo Deer. an Interactive Electronic Squishy Stretchy Toy Pet with 70+ Sounds & Reactions. Stretch, Squish & Link Their Hands. Display Them & Hang Them Around",$14.99,4.7 out of 5 stars
224,"Jolly Pets Monster Mouth Oval Dog Toy/Treat Holder, 4 Inches, Green",$12.29,4.2 out of 5 stars
225,"Pet Plush Squeaky Toy Care-a-Lot Bear, 6” with Squeaker Inside | Care-a-Lot Bear for Dogs Squeaky Plush Toy | Collectible Dog Toys (FF19806)",$6.85,4.2 out of 5 stars
226,"PetSafe Busy Buddy Kibble Nibble Meal Dispensing Dog Toy, Small - PTY00-13739,purple, Large",$17.95,3.9 out of 5 stars
227,"for Pets Wonka Bar and Golden Ticket Plush Rope Toy| Rope Dog Toys, Plush Dog Toys | Luxury Pet Plush with Multisensory Materials, Fun Trendy Dog Toys Gifts for Pets",$5.99,4.3 out of 5 stars
228,"Fringe Studio Plush Dog Toy Set, Yeti for Us?, Small 2 Piece Set, Pet Shop Collection (312014)",$18.64,4.7 out of 5 stars
229,"for Pets 3 Piece 4"" PAC-MAN, Inky + Blinky Plush Crinkle Flattie Squeak Toy for Dogs | Plush Dog Toys with Squeaky | Officially Licensed Pet Products",$14.99,4.1 out of 5 stars
230,"Jolly Pets Flathead Tug/Squeak Dog Toy, Zebra, Medium, Model Number: FHZ7",$11.99,3.7 out of 5 stars
231,"NFL Football Field DOG TOY with Squeaker. - GREEN BAY PACKERS - For Tug, Toss, and Fetch. - Tough & Durable PET TOY",$12.99,4.7 out of 5 stars
232,Multipet Wrinkleez COIA The Koala Plush Dog Toy - 9 inches,$8.89,N/A
233,Durable Plush Chew Toy for Dogs Rose,$10.65,N/A
234,"LONGLUAN Briteza Dog Toys, Immortal Squeaker Plush Toy for Aggressive Chewers, Indestructible Dog Toy, Durable Dog Toys, Dog Tough Toys for Aggressive Chewers, Chew Proof Dog Toy (Brown)",$5.99,N/A
235,Pet Sniff Ball Toy Foraging Instinctive Portable Interactive Dog Sniffing Ball Enrichment Encourages Natural Foraging Interactive Dog Toy For Aggressive Chewers Large Breeds Interactive Dog Toy,$11.60,N/A
236,Multipet Wrinkleez Sonny The Sloth Plush Dog Toy - 14 inches,$12.33,N/A
237,Cool Runners Yo-Yo Dental Ball Dog Toy - Assorted Colours,$13.99,N/A
238,"Dog Chew Toy for Aggressive Chewers, Indestructible Dog Toys for Large Dogs, Extreme Tough Durable Dog Toy Nylon Bone for Medium/Large Breeds, Clean Teeth and Keep Busy",$15.99,N/A
239,Cool Runners Retractable Dental Ball with Launcher Dog Toy - Assorted Colours,$19.61,N/A
240,"Chuckit! Indoor Fetch Fumbler Dog Toy (9.5 Inch), Orange and Blue",$7.44,4.4 out of 5 stars
241,"Chuckit! Max Glow Ball Dog Toy, Large (3 Inch Diameter) for Dogs 60-100 lbs, Pack of 1",$7.04,4.7 out of 5 stars
242,"Nerf Dog Compact Tennis Ball Blaster Gift Set, Great for Fetch, Hands-Free Reload, Launches up to 50 ft, Single Unit, Includes 3 Balls, 4791, Translucent Blue",$26.99,4.0 out of 5 stars
243,Chuckit! Indoor Super Slider Dog Self Fetch Squeaker Toy -Glides Harmlessly On Most Indoor Surfaces,$12.54,3.9 out of 5 stars
244,"Starmark Everlasting Fun Ball on a Rope Dog Toy,Greens,Medium/Large",$16.99,4.4 out of 5 stars
245,Starmark Everlasting Treat Ball Large with 1 treat,$21.52,4.4 out of 5 stars
246,"Hartz DuraPlay Bacon Scented Dog Toys, 1 Count, All Breed Sizes",$10.97,4.3 out of 5 stars
247,"Jolly Pets Tree Tugger For Dog, Green",$21.89,4.2 out of 5 stars
248,Nickelodeon for Pets Ren & Stimpy 9 Inch Ren Plush Dog Toy | Soft and Plush Dog Toys from Nickelodeon 90s TV Series The Ren & Stimpy Show | Plush Figure Medium Dog Toy for All Dogs,$8.99,4.7 out of 5 stars
249,"Pet Campfire Tails 2-in1 Plush Dog Toy Set | 2 Piece Durable Crinkle and Squeaker Chew Toy Set for Dogs - Interactive, Tough Dog Chew Toy with Extra Mesh Lining and Double Stitching",$9.99,N/A
250,"Nerf Dog 15in ABS Cyclone Track Ring with Scratcher and LED Ball, (NC-7897)",$20.99,4.3 out of 5 stars
251,"Chuckit! Pro 25M Max Glow Dog Ball Launcher, 25"" Length, Includes Medium Max Glow Ball (2.5"") For Dogs 20-60 Pounds",$20.74,4.7 out of 5 stars
252,"BULLYMAKE Horseshoe Nylon Dog Toy, for Tough Chewers, Made in USA",$19.25,4.2 out of 5 stars
253,"Chuckit Amphibious Bumper Fetch and Float Dog Toy, Small (Assorted Colors)",$10.83,4.4 out of 5 stars
254,"Fringe Studio Dog Toy, Slothicorn-Plush Pet Toy (289334), Multicolor Medium",$13.00,4.3 out of 5 stars
255,"Pet Plush Squeaky Toy Grumpy Bear, 6” with Squeaker Inside and Crinkle Ears | Grumpy Bear for Dogs Squeaky Plush Toy | Collectible Dog Toys (FF19788)",$6.99,4.3 out of 5 stars
256,Charming Pet Baby Pulleez Monkey Squeaky Plush Dog Toy with Ropes for Pull-Through Tugging Action,$9.99,4.3 out of 5 stars
257,"Pet Plush Squeaky Toy Funshine Bear, 9” with Squeaker Inside and Crinkle Ears | Funshine Bear for Dogs Squeaky Plush Toy | Collectible Dog Toys (FF19792)",$8.99,4.4 out of 5 stars
258,"Nerf Dog Rubber Tire Flyer Dog Toy, Flying Disc, Lightweight, Durable, Floats in Water, Great for Beach and Pool, 10 Inch Diameter, 3 Pack, Red and Translucent Green and Translucent Blue",$16.53,4.1 out of 5 stars
259,"Chuckit Ultra Fetch Stick Outdoor Dog Toy, 12 Inches, for All Breed Sizes",$4.55,4.6 out of 5 stars
260,"Chuckit Ultra Squeaker Ball Dog Toy, Medium (2.5 Inch) 2 Pack, for Medium Breeds",$7.28,4.8 out of 5 stars
261,"Chuckit! Amphibious Tri-Bumper Fetch Dog Toy, Medium (8.2 Inch),Black",$14.15,4.3 out of 5 stars
262,"Chuckit! Medium Fetch Ball 2.5"", 2 Pack (Colors Vary)",$6.34,4.7 out of 5 stars
263,"SPOT Woodsy Gnome Plush Toy for Dogs 12"", Assorted",$10.99,4.1 out of 5 stars
264,PetSafe Busy Buddy Barnacle - Dog Chew Toy - Treat Dispensing Dog Toys Purple Large,$17.95,4.2 out of 5 stars
265,Franklin Pet Supply Ready Set Fetch Mini Automatic Tennis Ball Launcher Dog Toy - Electronic Mini Tennis Ball Thrower for Fetch + Playtime - Launches up to 40 Feet - Interactive Dog Fetch Toy - Mini,$89.57,3.6 out of 5 stars
266,"Nerf Dog 10in TPR/PP Scented Peanut Butter SuperScent Stick Solid Core -Clear/Blue, (NF-7133)",$10.99,4.1 out of 5 stars
267,"Ball Dog Toy, Large - Interactive Dog Chew Toy That Stands Up to The Toughest Chewers, for Dogs Between 30-60+ lbs. (13-27+ kg.)",$14.03,N/A
268,"Crinkle Flattie Sloth Dog Toy; Crinkle Flattie Durable Dog Toy, Durable Toys for Dogs, Stuffingless Dog Toys, Flat Dog Toys, Crinkle Dog Toys",$12.99,2.5 out of 5 stars
269,Charming Pet Outward Hound Cube-EEZ Gator 2-in-1 Plush Squeaky Dog Toy,$10.10,4.3 out of 5 stars
270,"Stuffer Treat Dog Toy - High-Visibility Treat Dispenser, Great for Redirected Chewing",$13.42,N/A
271,"Fringe Studio Plush Dog Toy, FLUFFBALL Cinnamon Whiskey (289715) Medium",$11.00,4.4 out of 5 stars
272,"JW Pet Company iSqueak Bouncin' Baseball Dog Toy, Medium (Colors Vary)",$5.99,4.4 out of 5 stars
273,"Benebone Puppy Wishbone Dog Chew Toy, Made in USA, Real Bacon Flavor, Small",$10.88,4.5 out of 5 stars
274,Dog Chew Toy for Aggressive Chewer Antlers Dogs Chewing Toy Puppy Teething Bone Toy Toothbrush Pet Supply Pet Biting Toy,$8.40,N/A
275,"Bone Dog Toy, Small - Interactive Dog Chew Toy That Stands Up to The Toughest Chewers, for Dogs up to 20 lbs. (9 kg)",$11.64,5.0 out of 5 stars
276,"Little Live Pets Hug n' Hang Zoogooz - Duroo Deer. an Interactive Electronic Squishy Stretchy Toy Pet with 70+ Sounds & Reactions. Stretch, Squish & Link Their Hands. Display Them & Hang Them Around",$14.99,4.7 out of 5 stars
277,"Holiday Snoopy and Woodstock Santa Plush Pet Toy 2 Pack Dog Toy Set | Small Squeaky Dog Toys, Cute and Soft Stuffed Dog Toys Officially Licensed from Peanuts Comic Strip",$13.99,4.6 out of 5 stars
278,"Jolly Pets Monster Mouth Oval Dog Toy/Treat Holder, 4 Inches, Green",$12.29,4.2 out of 5 stars
279,"Pet Plush Squeaky Toy Care-a-Lot Bear, 6” with Squeaker Inside | Care-a-Lot Bear for Dogs Squeaky Plush Toy | Collectible Dog Toys (FF19806)",$6.85,4.2 out of 5 stars
280,"PetSafe Busy Buddy Kibble Nibble Meal Dispensing Dog Toy, Small - PTY00-13739,purple, Large",$17.95,3.9 out of 5 stars
281,"for Pets Wonka Bar and Golden Ticket Plush Rope Toy| Rope Dog Toys, Plush Dog Toys | Luxury Pet Plush with Multisensory Materials, Fun Trendy Dog Toys Gifts for Pets",$5.99,4.3 out of 5 stars
282,"Fringe Studio Plush Dog Toy Set, Yeti for Us?, Small 2 Piece Set, Pet Shop Collection (312014)",$18.64,4.7 out of 5 stars
283,"for Pets 3 Piece 4"" PAC-MAN, Inky + Blinky Plush Crinkle Flattie Squeak Toy for Dogs | Plush Dog Toys with Squeaky | Officially Licensed Pet Products",$14.99,4.1 out of 5 stars
284,"Jolly Pets Flathead Tug/Squeak Dog Toy, Zebra, Medium, Model Number: FHZ7",$11.99,3.7 out of 5 stars
285,"NFL Football Field DOG TOY with Squeaker. - GREEN BAY PACKERS - For Tug, Toss, and Fetch. - Tough & Durable PET TOY",$12.99,4.7 out of 5 stars
286,Multipet Wrinkleez COIA The Koala Plush Dog Toy - 9 inches,$8.89,N/A
287,Durable Plush Chew Toy for Dogs Rose,$10.65,N/A
288,"Outward Hound Nina Ottosson Twistiez Interactive Plush Dog Puzzle Dog Enrichment Toys Dog Treat Puzzle, Plush, Purple",$10.29,N/A
289,"Outward Hound Nina Ottosson Snack Palz Interactive Plush Dog Puzzle with Treat Ball Dog Enrichment Toys Stuffable Dog Toy, Plush, Multicolored",$10.29,N/A
290,"LONGLUAN Briteza Dog Toys, Immortal Squeaker Plush Toy for Aggressive Chewers, Indestructible Dog Toy, Durable Dog Toys, Dog Tough Toys for Aggressive Chewers, Chew Proof Dog Toy (Brown)",$5.99,N/A
291,Pet Sniff Ball Toy Foraging Instinctive Portable Interactive Dog Sniffing Ball Enrichment Encourages Natural Foraging Interactive Dog Toy For Aggressive Chewers Large Breeds Interactive Dog Toy,$11.60,N/A
292,Dog TPR Toys Teething Bone Tug Chew Toy Teething Interactive Traning Toy Bite-Resistant for Dogs Cleaning Stick Pet Toys for Dogs Large,$7.62,N/A
293,Dog Ball Toy with Colorful LED Lights Pet Interactive Toys Fun Squeaky Ball Toys for Dog Outdoor Indoor Training Playing Chew Toys for Puppies Teething,$8.06,N/A
294,Multipet Wrinkleez Sonny The Sloth Plush Dog Toy - 14 inches,$12.33,N/A
295,Squishmallows Original 3.5-Inch 2-Pack Emery Latte and Deja Donut Dog Toys - Small Ultrasoft Official Plush Pet Toy,$9.99,N/A
296,Cool Runners Yo-Yo Dental Ball Dog Toy - Assorted Colours,$13.99,N/A
297,"Dog Chew Toy for Aggressive Chewers, Indestructible Dog Toys for Large Dogs, Extreme Tough Durable Dog Toy Nylon Bone for Medium/Large Breeds, Clean Teeth and Keep Busy",$15.99,N/A
298,Cool Runners Retractable Dental Ball with Launcher Dog Toy - Assorted Colours,$19.61,N/A
299,Cool Runners Screw Down Tug of War Toy for Dogs - Assorted Colours,$22.87,N/A
300,Pet 'n Shape Tuff Plush Dragon Dog Toy with Stuffing,$8.99,N/A
301,Nerf Dog Tennis Ball Blaster Dog Toy,$21.14,4.2 out of 5 stars
302,"Chuckit! Indoor Fetch Fumbler Dog Toy (9.5 Inch), Orange and Blue",$7.44,4.4 out of 5 stars
303,"Chuckit! Max Glow Ball Dog Toy, Large (3 Inch Diameter) for Dogs 60-100 lbs, Pack of 1",$7.04,4.7 out of 5 stars
304,"LONGLUAN Briteza Dog Toys, Immortal Squeaker Plush Toy for Aggressive Chewers, Indestructible Dog Toy, Durable Dog Toys, Dog Tough Toys for Aggressive Chewers, Chew Proof Dog Toy (Brown)",$5.99,N/A
305,Pet Sniff Ball Toy Foraging Instinctive Portable Interactive Dog Sniffing Ball Enrichment Encourages Natural Foraging Interactive Dog Toy For Aggressive Chewers Large Breeds Interactive Dog Toy,$11.60,N/A
306,Dog TPR Toys Teething Bone Tug Chew Toy Teething Interactive Traning Toy Bite-Resistant for Dogs Cleaning Stick Pet Toys for Dogs Large,$7.62,N/A
307,Dog Ball Toy with Colorful LED Lights Pet Interactive Toys Fun Squeaky Ball Toys for Dog Outdoor Indoor Training Playing Chew Toys for Puppies Teething,$8.06,N/A
308,Multipet Wrinkleez Sonny The Sloth Plush Dog Toy - 14 inches,$12.33,N/A
309,Squishmallows Original 3.5-Inch 2-Pack Emery Latte and Deja Donut Dog Toys - Small Ultrasoft Official Plush Pet Toy,$9.99,N/A
310,"Nerf Dog 15in ABS Cyclone Track Ring with Scratcher and LED Ball, (NC-7897)",$20.99,4.3 out of 5 stars
311,"Nerf Dog Compact Tennis Ball Blaster Gift Set, Great for Fetch, Hands-Free Reload, Launches up to 50 ft, Single Unit, Includes 3 Balls, 4791, Translucent Blue",$26.99,4.0 out of 5 stars
312,"Chuckit! Pro 25M Max Glow Dog Ball Launcher, 25"" Length, Includes Medium Max Glow Ball (2.5"") For Dogs 20-60 Pounds",$20.74,4.7 out of 5 stars
313,BULLYMAKE Nylon Controller Chew Toy for Dogs | Durable Dog Toy for Aggressive Chewers | Made in USA,$20.99,4.2 out of 5 stars
314,Cool Runners Yo-Yo Dental Ball Dog Toy - Assorted Colours,$13.99,N/A
315,"Dog Chew Toy for Aggressive Chewers, Indestructible Dog Toys for Large Dogs, Extreme Tough Durable Dog Toy Nylon Bone for Medium/Large Breeds, Clean Teeth and Keep Busy",$15.99,N/A
316,Cool Runners Retractable Dental Ball with Launcher Dog Toy - Assorted Colours,$19.61,N/A
317,Cool Runners Screw Down Tug of War Toy for Dogs - Assorted Colours,$22.87,N/A
318,Chuckit! Indoor Super Slider Dog Self Fetch Squeaker Toy -Glides Harmlessly On Most Indoor Surfaces,$12.54,3.9 out of 5 stars
319,"Chuckit Amphibious Bumper Fetch and Float Dog Toy, Small (Assorted Colors)",$10.83,4.4 out of 5 stars
320,"Chuckit Whistle Flight Outdoor Dog Toy, Orange and Blue",$10.04,4.0 out of 5 stars
321,"Chuckit! Amphibious Tri-Bumper Fetch Dog Toy, Medium (8.2 Inch),Black",$14.15,4.3 out of 5 stars
322,Minions: The Rise of Gru Kevin Plush Flat Crinkle Dog Toy | No Stuffing Dog Toy| Gifts for Minions Fans and their Pets | Officially Licensed Pet Product from Universal Studios,$2.49,4.4 out of 5 stars
323,"Star Wars for Pets Green Lightsaber Oxford Rope Squeak Chew Toy for Dogs| Tug Toy for Dogs | Squeaky Dog Toys, Dog Chew Toys, Sturdy Rope Dog Toys, Gifts for Fans",$5.99,4.4 out of 5 stars
324,"PetSafe Busy Buddy Bristle Bone - Treat-Holding Toy for Dogs - Treat Rings Included - Treats Thoroughly Mixed During Bake to Prevent Choking - Rigorously Tested Ingredients - Purple, Large",$17.95,4.2 out of 5 stars
325,KONG Squeezz Dental Bone - Dog Chew Bone with Unique & Flexible Texture - Dental Dog Toy to Aid Teeth & Gum Cleaning - Dog Dental Chew Toy - Medium/Large Dogs,$7.99,3.6 out of 5 stars
326,"Pets First NFL San Francisco 49ers Football Treat Dispensing Toy for Dogs and Cats, Rubber Ball Dog Toy, Interactive Fun Dog Treat Toy, Natural Rubber Dog Feeding Toy",$17.00,4.5 out of 5 stars
327,Franklin Pet Supply Natural Rope Dog Toys - 4 Pack - Play Fetch - Tug of War - Dog Teething - Puppy Chew - Puppy - Teething Toy - Tug Rope - Tug Toy,$14.71,3.9 out of 5 stars
328,"Multipet Hippopotamus Latex Hippo That Grunts 8 inch Dog Toy (Assorted Color / 1 Pack), Large Breeds",$10.01,4.5 out of 5 stars
329,"Pet Qwerks Nylon Stick BarkBone - Durable Dog Toys for Aggressive Chewers - Mint Flavor - 6""",$10.99,4.2 out of 5 stars
330,Mammoth Flossy Chews Color Rope Tug – Premium Cotton-Poly Tug Toy for Dogs – Interactive Dog Rope Toy – Tug Dog Chew Toy,$8.66,4.5 out of 5 stars
331,Cute Rope Animal Dog Toy with Rope Body and Stuffed for Head for Puppy Durable Gift Dog Chew Toys for Puppy Interactive Dog Chew Toys for Dogs,$12.32,N/A
332,"Zanies Berber Bear Dog Toys, Yellow",$8.74,4.2 out of 5 stars
333,KONG - CuteSeas™ Octopus - Corduroy Plush Dog Toy - For Small Dogs,$7.35,4.2 out of 5 stars
334,"Benebone Zaggler Rolling Dog Chew Toy for Aggressive Chewers, Real Peanut, Made in USA, Small",$10.88,4.5 out of 5 stars
335,SPOT by Ethical Products - Bambone Plus – Easy Grip Durable Dog Chew Toy for Aggressive Chewers – Great Dog Chew Toy for Puppies and Dogs Dog Toy - Chicken - Large,$12.01,4.7 out of 5 stars
336,Nylabone Power Play Puppy Super Flyer Gripz Disc for Dogs - Interactive Puppy Enrichment Toys - Puppy Must Haves (1 Count),$11.99,4.4 out of 5 stars
337,"Virtually Indestructible Best Ball for Dogs, 10-inch",$18.95,4.1 out of 5 stars
338,"Active Moving Pet Plush Toy, Interactive Dog Toy, Talking Moving Dog Toy, Washable Cartoon Pig Plush Sound Electronic Dog Toy, Shake Bounce Boredom Toy for Dogs, Cats",$9.99,N/A
339,NFL Unisex NFL #1 Fan Dog Toy,$12.99,5.0 out of 5 stars
340,"SPOT Ethical Pets 8"" Assorted Colors Corduroy Hedgehogs Plush Dog Toy, Small, Medium Breeds",$10.10,4.4 out of 5 stars
341,iFetch Frenzy Fetch Toy for Dogs - Non-Electronic Brain Teaser for Small Dogs; uses Mini Tennis Balls,$49.99,3.2 out of 5 stars
342,Dog Toys 29.5 Inch Large Squeaky Dog Toys for Boredom Cute Carrot Shape Plush Dog Chew Toys Soft Puppy Toys Interactive Dog Toys for Small Medium Dogs Squeak Toys,$13.75,N/A
343,"Multipet Lamb Chop Dog Toy, Plush (10"" (Pack of 1))",$11.49,4.5 out of 5 stars
344,"Outward Hound Durablez Tough Plush Squeaky Dog Toy, Owl, Purple, XS",$3.99,4.1 out of 5 stars
345,Multipet Wrinkleez COIA The Koala Plush Dog Toy - 14 inches,$12.09,N/A
346,"Nerf Dog Bash Ball Dog Toy with Interactive LED, Lightweight, Durable and Water Resistant, 3.5 Inches, for Medium/Large Breeds, Single Unit, Green",$14.99,4.0 out of 5 stars
347,"Charming Pet Squawkers Grandpa Gimpy Latex Rubber Chicken Interactive Dog Toy, Large",$10.12,4.4 out of 5 stars
348,"Ethical Pets 13"" Assorted Cuddle Bunnies Plush Dog Toy (54130) (Pack of 1)",$11.11,4.2 out of 5 stars
349,"PetSafe Busy Buddy Squirrel Dude Dog Toy - Treat Dispensing Toy – Extra Small, Small, Medium and Large Sizes",$8.95,4.3 out of 5 stars
350,"Fringe Studio Dog Toy, Wine Bottle Plush Pet Toy (289309)",$10.35,4.6 out of 5 stars
351,"goDog 2-Pack Silent Squeak Ball Dog Toy Set, for Light to Moderate Chewers - Orange/Pink, 2-Pack",$10.32,4.1 out of 5 stars
352,"Nerf Dog Rubber Football Dog Toy with Interactive Squeaker and Crunch, Lightweight, Durable and Water Resistant, 6 Inch Diameter for Medium/Large Breeds, Single Unit, Red",$10.99,4.4 out of 5 stars
353,Unisex Baby Squeaky Plush Dog Toy with Rope,$14.99,N/A
354,"Starmark Easy Glide DuraFoam Flying Disc Dog Toy, Color Varies 11""",$14.99,4.5 out of 5 stars
355,"Multipet Dragons 10"" Dog Toy, Assorted",$10.99,3.8 out of 5 stars
356,Planet Dog Orbee-Tuff Squeak Ball Yellow Dog Fetch Toy,$10.52,4.4 out of 5 stars
357,"Buckle-Down Dog Toy, Warner Bros, Plush Squeaker Game of Thrones, The Iron Throne Seat",$21.63,4.5 out of 5 stars
358,"Chuckit! Ultra Squeaker Ring Dog Toy, Outdoor Fetch and Chase Toy for All Breed Sizes",$13.90,3.8 out of 5 stars
359,"Tony Mohawk Durable Latex Chicken Dog Toy, Small",$3.69,4.0 out of 5 stars
360,Pet 'n Shape Tuff Plush Dragon Dog Toy with Stuffing,$8.99,N/A
361,"Chuckit! Indoor Fetch Fumbler Dog Toy (9.5 Inch), Orange and Blue",$7.44,4.4 out of 5 stars
362,Nerf Dog Tennis Ball Blaster Dog Toy,$21.14,4.2 out of 5 stars
363,"Chuckit! Max Glow Ball Dog Toy, Large (3 Inch Diameter) for Dogs 60-100 lbs, Pack of 1",$7.04,4.7 out of 5 stars
364,"Pets First NCAA Georgia Bulldogs Puzzle Toy, Puzzle Treat Dog Toy, Interactive Dog Treat Toy, Dog Puzzle Fedding Slow Toy",$18.99,4.1 out of 5 stars
365,"Nylabone Puppy Starter Kit with Chew Toys - Puppy Toys and Chew Treat Bundle - Puppy Supplies - Chicken and Bacon Flavors, Small/Regular (6 Count)",$19.30,4.6 out of 5 stars
366,"Hyper Pet Realtree Moose Interactive Dog Toy, Camo, for All Breed Sizes",$15.03,4.0 out of 5 stars
367,"Nerf Dog Trackshot Ball Dog Toy with Interactive Squeaker and Crunch, Lightweight, Durable and Water Resistant, 4.5 Inches, For Medium/Large Breeds, Single Unit, Blue/Orange",$9.30,4.0 out of 5 stars
368,"SPOT Play Strong Scent-sations Bacon Flavor Bone 6” | Dog Toys for Aggressive Chewers |Bone| Chew Toys for Aggressive Dogs | Interactive Dog Toy | Dog Chew Toys for Aggressive Chewers, Blue",$10.90,4.3 out of 5 stars
369,Hyper Pet Tough Plush Brown Bear Durable Dog Toy with Squeaker,$12.20,3.6 out of 5 stars
370,"Nerf Dog 15in ABS Cyclone Track Ring with Scratcher and LED Ball, (NC-7897)",$20.99,4.3 out of 5 stars
371,"Chuckit Fetch Medley Dog Ball Dog Toys, Medium (2.5 Inch) Pack of 3, for Medium Breeds, Includes Erratic, Strato and Ultra Squeaker Balls",$11.00,4.8 out of 5 stars
372,"Nerf Dog Compact Tennis Ball Blaster Gift Set, Great for Fetch, Hands-Free Reload, Launches up to 50 ft, Single Unit, Includes 3 Balls, 4791, Translucent Blue",$26.99,4.0 out of 5 stars
373,"Chuckit! Pro 25M Max Glow Dog Ball Launcher, 25"" Length, Includes Medium Max Glow Ball (2.5"") For Dogs 20-60 Pounds",$20.74,4.7 out of 5 stars
374,Multipet Wrinkleez Sonny The Sloth Plush Dog Toy - 9 inches,$8.89,N/A
375,"Nerf Dog Large Nylon Launching Duck, Green",$13.99,3.9 out of 5 stars
376,"SPOT by Ethical Products Play Strong S-Shaped Bone Dog Toy | Interactive Durable Rubber Dog Toy for Aggressive Chewers | Hollow Center Ideal for Treats | 12”, Red",$17.99,4.3 out of 5 stars
377,Mammoth Flossy Chews Color 3 Knot Tug w/Large Tennis Ball – Premium Cotton-Poly Tug Toy for Dogs – Interactive Dog Tug Toy – Rope Dog Toy with Tennis Ball for Large Dogs - 24”,$15.10,4.2 out of 5 stars
378,BULLYMAKE Nylon Controller Chew Toy for Dogs | Durable Dog Toy for Aggressive Chewers | Made in USA,$20.99,4.2 out of 5 stars
379,"Gnawsome 4.5” Spiky Squeak & Light Ball Dog Toy - Extra Large, Cleans teeth and Promotes Dental and Gum Health for Your Pet, Colors will vary, All Breed Sizes",$8.88,4.5 out of 5 stars
380,Chuckit! Indoor Super Slider Dog Self Fetch Squeaker Toy -Glides Harmlessly On Most Indoor Surfaces,$12.54,3.9 out of 5 stars
381,"Chuckit Amphibious Bumper Fetch and Float Dog Toy, Small (Assorted Colors)",$10.83,4.4 out of 5 stars
382,"Pet Qwerks Plush Interactive Dog Toys - Chattering Hedgehog - 4.5 in, All Breed Sizes",$7.99,4.1 out of 5 stars
383,Nylabone Flavor Frenzy Strong Chew Toy Dog Toy Bacon & Cheeseburger Medium/Wolf (1 Count),N/A,3.6 out of 5 stars
384,"Nerf Dog Three Toy Gift Set, Crunch Ball, Spike LED Squeak Ball, and Squeak Football Gift Set",$24.20,4.5 out of 5 stars
385,ZippyPaws - Colorful Caterpillar Squeaky Stuffed Plush Dog Toy - Deluxe Squeakers,$15.99,4.4 out of 5 stars
386,Spunky Pup Organic Cotton Dog Toy | Squeaky Plush Dog Toy | Large Bunny (Assorted Random Colors: White OR Brown),$16.99,3.9 out of 5 stars
387,Teething Cookie Dog Toy for Puppy Interactive Tug of War Toy for Large Breed Durable Chew Toys for Boredom Pet Supplies Tennis,$8.21,N/A
388,PetSafe Busy Buddy Cravin’ Corncob Dog – Treat Ring Holding Chew Toy – BPA Free Rubber – Butter Scented – Interactive Pet Puzzle for Boredom or Separation Anxiety – Small to Large Dogs,$17.95,4.1 out of 5 stars
389,"The Red Nose Reindeer Toys for Dogs - Plush Dog Toy, Chew Dog Toys - Holiday Toys for Pets, Christmas Dog Toys, Dog Toy, Dog Toys for Christmas, Reindeer Dog Toy 9 Inch",$8.99,4.4 out of 5 stars
