Company Name,Phone Number
Yztspc IT Company,"Sydney NSW, Australia"
Appello Software & App Development,+61 2 7202 5164
IT Company,+61 1300 611 786
Codiant Software Technologies Pvt. Ltd.,+61 2 8311 1337
Revolution IT,+61 2 9017 3770
Sydney IT Care,+61 1235557891
Australian IT Experts,+61 478 919 789
MSP Corporation - Business IT Support Services Sydney | Managed Service Provider | IT Service Management | IT Solutions,+61 1300 554 404
IT Alliance Australia,+61 2 8038 5034
Appinventiv Technology Pvt. Ltd,+61 2 8046 7619
Fortunesoft IT Innovations,+61 2 8311 4561
Lumi IT Group,"Sydney NSW, Australia"
Levit8 - Managed IT Services Sydney,+61 2 9053 6000
Good Software Co.,"Sydney NSW, Australia"
SOFTWARE SYSTEMS PTY. LTD.,+61 2 9248 0145
InfyStrat Software Services,"Sydney NSW, Australia"
Classic Informatics Limited,+61 2 9006 1053
Digivizer,Open 24 hours
Cenario,+61 438 498 431
Intelledox Sydney,+61 2 6280 6244
SoftwareONE Australia,+61 2 8404 4120
Flynk,+61 2 8231 6627
Noorix Digital Solutions,+61 499 453 412
AusNep IT Solutions,+61 1300 287 637
SoftwareOne Australia,+61 2 8229 0000
Inferentics Technology Pty Ltd,"Sydney NSW, Australia"
Software Co,+61 1300 585 888
IT Magnet,+61 1300 369 350
Dataintics,+61 400 477 102
Starboard IT - Onsite IT Consulting Sydney,+61 1300 674 966
Solentive,+61 1300 553 050
Cognitonic Systems,+61 2 9238 6688
Synechron Technologies Australia Pty Ltd,"Sydney NSW, Australia"
Intergy Consulting,+61 1300 739 117
ITworx Consulting Pty Ltd,+61 2 9233 8777
Legal IT Solutions,+61 1800 935 999
Calypso,+61 2 8270 7200
Jade Software,+61 433 251 509
Exclaimer,+61 1800 464 509
Software Sense,+61 411 513 700
Sentia Australia Pty Ltd,+61 2 8003 5216
CODECLOUDS,+61 452 256 837
Cigniti Technologies (Australia) Pty Ltd,+61 411 392 799
Web Service Integration,+61 419 012 871
Origina,+61 2 8216 0736
Eleven Dev,+61 481 818 931
Cocoon Data,+61 2 8319 1919
Microknot - Software Development Company,+61 1800 328 989
Baxter Software Solutions,Software company
Alteryx,+61 1800 984 598
Five2One Techlabs,+61 450 501 025
NETSOL Technologies Australia,+61 2 9221 2081
SSM Technologies Pty Ltd,+61 2 5105 6511
Virtua Technologies,+61 451 309 844
Saba Software Pty. Ltd.,+61 2 8622 7555
Tech Knight Solutions,"Sydney NSW, Australia"
Sparsh Technologies - Web Development Company,+61 2 9994 8022
"IGeekTeam - Mobile App and AI Developers, Software Consulting, IT Staff Augmentation in Sydney, Australia",+61 433 830 658
Phocas Business Intelligence Software | Sydney,+61 1300 746 227
FinTech,+61 2 9460 8868
IT Easysolution,"Sydney NSW, Australia"
Nucleus Software Exports Ltd.,+61 2 8249 8350
Kentico Software Pty Ltd.,+61 2 8006 1286
Datasite,+61 2 9157 3000
Condeco Software,+61 2 9696 0126
TECH MERK,+61 481 972 888
Kintone Australia,"Sydney NSW, Australia"
Appstellar Apps,+61 403 669 762
Integrated Software Solutions Pty Ltd,+61 2 9247 3122
Software AG Australia,+61 2 9463 6400
iTelaSoft Pty Ltd,+61 1300 842 108
Voyager Software Australia PTY Ltd.,+61 2 8322 8111
Software Combined Group,"Sydney NSW, Australia"
Intuition SofTech Australia,+61 2 9159 3911
89n,+61 2 9232 3722
Adaca,"Sydney NSW, Australia"
Coupa Software Australia Pty Ltd,"Sydney NSW, Australia"
UpTech,"Sydney NSW, Australia"
PRO IT,+61 2 8724 3333
Modica Group - Sydney Office,+61 1800 251 577
Intelligent Developments,+61 2 9247 3523
Softworld Australia,+61 424 002 598
MIP Australia,+61 2 9260 0700
Planit Testing,+61 2 9464 0600
"enCloud | App Development - Web, eCommerce and Mobile",+61 1300 308 799
Platform One,+61 2 9437 4200
Aconex,+61 2 9922 9222
CoSource,+61 1300 736 002
Four Web,+61 2 8005 4800
YTML Consulting,+61 2 9994 8930
Static Void Technology,+61 478 108 747
NearCoders,+61 4083406165
"Dr App - Sydney Software Developer, Web and Mobile App Development Company in Sydney, Australia",+61 2 5604 2607
Impact,+61 1800 875 088
Nyblecraft,+61 474 259 887
Bluebirdz,+61 1800 090 885
"XAM - Software Development Company, UX/UI, AI, .NET, React, Flutter, Apps, Web, Azure and UX/UI Agency","Sydney NSW, Australia"
NTT DATA Business Solutions | Sydney,+61 1300 161 501
StepInsight,+61 2 8960 0444
Cognitive Software Group,+61 2 9929 9868
NetDimensions Australia,+61 2 9089 8816
Chill IT,
ANGLER Technologies Australia,+61 481 198 081
XagonX,+61 2 9258 1093
Anomaly Software Pty Ltd,+61 2 9238 2122
LEAP Legal Software,+61 1800 007 709
Codat,"Sydney NSW, Australia"
Bricoleur Technologies,+61 1300 680 529
Euclidic Systems,+61 428 442 844
Sitecore Sydney,+61 2 8014 8857
Mobiddiction,+61 1300 356 634
DFSM Technologies,+61 2 8091 4240
TatvaSoft Sydney,+61 2 9416 0440
Activate,+61 1300 994 707
Promapp Solutions,+61 2 8188 2718
IT Awareness - Business IT Solutions,+61 2 8007 6866
Milnsbridge Managed IT Services,+61 1300 300 293
Fusion5 - Business Solutions,+61 2 8240 3800
Vantrix Corporation,+61 2 8973 7470
Ardex Technology,+61 2 9229 4700
Ayra Analytics,+61 1300 414 200
FFastFill Australia Pty Ltd,+61 2 9227 9400
Commvault Sydney,+61 2 8197 7700
iQmetrix,+61 420 465 665
Jiga - Custom software development company in Sydney and India,
Conn3cted | Custom Software Developers,
Lokket Retail Solutions,+61 439 482 726
Software Factory Australia PTY LTD,+61 1300 522 552
"Wise Soft Lab Sydney - Website, Mobile Apps, Cloud Software, IT Maintenance",+61 424 733 042
"SmarterSoft | Data, Client & Case Management Software | Government, Nonprofit, Education",+61 1300 661 288
Matrix Solutions | Managed IT Support & Cybersecurity Services Sydney,+61 2 9233 3548
Lamno,"Sydney NSW, Australia"
Integrated Business Technologies PTY Ltd.,+61 2 8205 3917
Ipc Information Systems (Australia) Pty Ltd,"Sydney NSW, Australia"
Elsner Technologies Pty. Ltd,+61 2 6100 4040
UPCORE App Development,+61 2 5632 9021
VoiceX Communications - Sydney,+61 1300 551 778
FieldEZ - Field Service Management Software Solutions,+61 404 835 840
IT Company 4WEB,+61 401 027 811
Apps People,+61 2 8006 9448
Pro Cloud SaaS,+61 2 4363 0999
DataColada,+61 408 833 307
"SupportSoft Technologies - App Developer Sydney, App Development Agency Sydney",+61 1300 921 064
AI Sydney,"Barangaroo NSW, Australia"
Software Integrators,+61 2 9267 5556
Ventiv Technology,+61 2 8669 7200
Ample Tech Australia,+61 2 9119 2986
"Alation, Inc. - Australia",+61 6507794440
GreenBe,+61 2 9488 7636
Fingent Consulting ANZ,+61 2 9089 8753
Aurion People and Payroll Solutions - Sydney,+61 1300 287 466
ANJN Group,+61 2 8626 2810
PageUp,+61 2 8088 0600
"EB Pearls - Mobile App Developers Sydney, App Development & Design Sydney, Web App Development Sydney",+61 2 5565 8000
Sydney App Developers & Development,+61 2 9073 4766
Cloud Analyser,+61 2 9152 8680
Launch Lab,"Sydney NSW, Australia"
FundRaise Digital,+61 2 6100 7372
ICTechnology - IT Support & Services | Sydney,+61 1300 123 428
Cannon Trading,"Sydney NSW, Australia"
Hello Clever,"Sydney NSW, Australia"
Australian Software Co.,+61 2 9267 5366
Plan B Commerce,+61 2 8311 3760
Eze Software group,"Sydney NSW, Australia"
Hire a Business Analyst,+61 2 8667 5370
Knowledge On Tap,+61 419 418 844
Octopus BI,+61 1300 414 200
Adviser Connect,+61 2 8096 0300
Equal Reality,"Sydney NSW, Australia"
"Shiv Technolabs - Web Design Company Sydney, Australia | #1 Website Development Services",+61 452 450 962
Computer One - Managed IT Services Sydney,+61 1300 667 871
TechBrain - Managed IT Services Sydney,+61 2 8014 4474
Sydney Technology Solutions,+61 2 8212 4722
VR GENERATION,+61 467 888 618
Mode Games,"Sydney NSW, Australia"
iQlance Solutions - App Developers Sydney,+61 3 9013 3988
EPAM Systems (Australia ) PTY LTD,"Sydney NSW, Australia"
irwinSolutions,+61 1300 888 488
eMite,+61 2 9252 9252
Blockchain (Sunrise) Technologies,+61 431 270 844
Riot Games Sydney,Closed ⋅ Opens 9 AM
Adapt Courses eLearning Developers,+61 1300 911 147
Mandoe Media,+61 1800 905 495
My Medic Watch Pty ltd,+61 2 8880 0902
eNoah iSolution Pty Ltd,+61 2 9238 6144
ITciti,+61 2 9262 7900
WeBuild Construction Software,+61 1300 724 045
"Devwiz - Mobile App Developer, Web Application Development, Blockchain Development & UI/UX Design",+61 450 118 967
HorizonX,"Sydney NSW, Australia"
BuildingIQ,+61 2 9360 0602
CIM,+61 2 8971 4066
D-EDGE Hospitality Solutions,+61 2 5700 6354
Credi Pty Ltd,+61 448 617 280
dataIQ Pty Ltd,"Sydney NSW, Australia"
Website Design Company,"Sydney NSW, Australia"
MRI Box and Dice,+61 1300 269 342
PlanRadar,+61 2 8311 5089
Shippit,+61 1300 467 447
enov8,+61 2 8916 6391
ShiftCare,+61 2 8311 4101
Mapcite,+61 2 8776 3918
MacroView,+61 2 9249 2700
Search Technology Pty Ltd | Digital Marketing Agency In Sydney,+61 2 9071 0145
Atlassian,+61 2 9262 1443
KG Information Systems Pty Limited,"Sydney NSW, Australia"
Mie Pay,+61 2 8034 0470
Web Design Company Sydney,"Pyrmont NSW, Australia"
Square Payment Processing & Business Loans Sydney,+61 1800 760 137
WHEREFIT,+61 2 8005 0052
Web design sydney | Softaid Technology,+61 2 5302 8302
Intuit,+61 1800 917 771
Nitin K - Mobile App Developer in Sydney,"Sydney NSW, Australia"
Skynozis Designers Web Design Company Sydney,"Sydney NSW, Australia"
