,Product Name,Prices
0,"SAMSUNG Galaxy Z Flip3 5G (Cream, 128 GB)","₹45,999"
1,"Google Pixel 7 (Lemongrass, 128 GB)","₹46,999"
2,"Google Pixel 7 (Snow, 128 GB)","₹46,999"
3,"Google Pixel 7 (Obsidian, 128 GB)","₹46,999"
4,"SAMSUNG Galaxy Z Flip3 5G (Phantom Black, 128 GB)","₹45,999"
5,"SAMSUNG Galaxy A54 5G (Awesome Lime, 256 GB)","₹37,499"
6,"vivo V29 Pro 5G (Black, 256 GB)","₹42,999"
7,"OnePlus 10 Pro 5G (Volcanic Black, 128 GB)","₹43,890"
8,"Mi 10T Pro (Cosmic Black, 128 GB)","₹25,499"
9,"Apple iPhone XR (White, 64 GB) (Includes EarPods, Power Adapter)","₹47,900"
10,"Apple iPhone 11 (Black, 128 GB)","₹48,900"
11,"SAMSUNG Galaxy S20 FE 5G (Cloud Navy, 128 GB)","₹29,999"
12,"OnePlus 10 Pro 5G (Emerald Forest, 128 GB)","₹46,500"
13,"Apple iPhone XR ((PRODUCT)RED, 64 GB) (Includes EarPods, Power Adapter)","₹47,900"
14,"Tecno Phantom X2 Pro (Stardust Grey, 256 GB)","₹44,999"
15,"vivo V29 Pro 5G (Blue, 256 GB)","₹46,049"
16,"Apple iPhone 6 Plus (Silver, 64 GB)","₹48,999"
17,"Tecno Phantom X2 Pro Retractable 50MP Portrait Lens (Mars Orange, 256 GB)","₹42,999"
18,"OnePlus 9 5G (Astral Black, 256 GB)","₹45,999"
19,"IQOO 9T 5G (LEGEND, 128 GB)","₹49,499"
20,"OPPO Reno7 Pro 5G (Starlight Black, 256 GB)","₹47,990"
21,"realme X50 Pro (Moss Green, 256 GB)","₹47,999"
22,"Xiaomi 12 Pro 5G (Couture Blue, 256 GB)","₹79,999"
23,"OPPO Reno7 Pro 5G (Startrails Blue, 256 GB)","₹47,990"
24,"Tecno Phantom V Flip 5G (Iconic Black, 256 GB)","₹47,490"
25,"OnePlus 10T 5G (Jade Green, 128 GB)","₹46,000"
26,"Apple iPhone 8 Plus (Gold, 64 GB)","₹49,900"
27,"SAMSUNG Galaxy S7 (Gold Platinum, 32 GB)","₹46,000"
28,"Apple iPhone 8 Plus (Silver, 64 GB)","₹49,900"
29,"Apple iPhone 8 Plus (Space Grey, 64 GB)","₹49,900"
30,"realme X50 Pro 5G (Rust Red, 256 GB)","₹47,999"
31,"OPPO Reno6 Pro 5G (Aurora, 256 GB)","₹46,990"
32,"vivo X60 (Midnight Black, 256 GB)","₹46,990"
33,"Nothing Phone (2) (Dark Grey, 512 GB)","₹40,999"
34,"Apple iPhone 12 (Blue, 64 GB)","₹44,999"
35,"Google Pixel 7a (Charcoal, 128 GB)","₹40,999"
36,"Google Pixel 7a (Sea, 128 GB)","₹40,999"
37,"Apple iPhone 12 (White, 64 GB)","₹44,999"
38,"Apple iPhone 12 (Black, 64 GB)","₹44,999"
39,"OnePlus 11R 5G (Galactic Silver, 256 GB)","₹44,424"
40,"OnePlus 11R 5G (Sonic Black, 256 GB)","₹44,623"
41,"OnePlus 11R 5G (Sonic Black, 128 GB)","₹39,683"
42,"OnePlus 11R 5G (Galactic Silver, 128 GB)","₹39,930"
43,"Google Pixel 7a (Snow, 128 GB)","₹40,999"
44,"Google Pixel 7a (Coral, 128 GB)","₹40,999"
45,"Samsung Galaxy S21 FE 5G with Snapdragon 888 (Graphite, 256 GB)","₹37,999"
46,"Apple iPhone 12 (Green, 64 GB)","₹44,999"
47,"Apple iPhone 11 (White, 64 GB)","₹43,900"
48,"OnePlus 11R 5G (Sonic Black, 256 GB)","₹44,129"
49,"OnePlus 10 Pro 5G (Emerald Forest, 128 GB)","₹44,599"
50,"vivo V27 5G (Magic Blue, 256 GB)","₹36,999"
51,"Apple iPhone 11 (Black, 64 GB)","₹43,900"
52,"vivo V27 Pro 5G (Noble Black, 256 GB)","₹39,999"
53,"Samsung Galaxy S21 FE 5G with Snapdragon 888 (Olive, 256 GB)","₹35,249"
54,"Apple iPhone 11 (Red, 64 GB)","₹43,900"
55,"Apple iPhone 11 (Green, 64 GB)","₹43,900"
56,"OnePlus 10 Pro 5G (Volcanic Black, 128 GB)","₹59,999"
57,"OnePlus 10T 5G (Moonstone Black, 256 GB)","₹43,945"
58,"realme GT NEO 3 (150W) (Asphalt Black, 256 GB)","₹42,999"
59,"realme GT NEO 3 (150W) (Sprint White, 256 GB)","₹42,999"
60,"vivo V27 Pro 5G (Magic Blue, 256 GB)","₹41,499"
61,"realme GT NEO 3 (150W) (Nitro Blue, 256 GB)","₹42,999"
62,"realme X50 Pro (Rust Red, 128 GB)","₹41,999"
63,"realme X50 Pro (Moss Green, 128 GB)","₹41,999"
64,"OPPO Reno8 Pro 5G (Glazed Black, 256 GB)","₹52,999"
65,"Google Pixel 6a (Chalk, 128 GB)","₹43,999"
66,"Google Pixel 6a (Charcoal, 128 GB)","₹43,999"
67,"OPPO Reno8 Pro 5G (Glazed Green, 256 GB)","₹52,999"
68,"realme GT Neo 3 (150W - Thor Limited Edition) (Nitro Blue, 256 GB)","₹42,999"
69,"vivo V25 Pro 5G (Sailing Blue, 256 GB)","₹39,999"
70,"vivo V23 Pro 5G (Stardust Black, 256 GB)","₹43,990"
71,"SAMSUNG Galaxy A73 5G (Awesome Gray, 128 GB)","₹41,999"
72,"IQOO 9 Pro 5G (Dark Cruise, 256 GB)","₹42,990"
73,"SAMSUNG Galaxy A72 (Awesome Violet, 128 GB)","₹41,999"
74,"SAMSUNG Galaxy A73 5G (Awesome Mint, 256 GB)","₹44,999"
75,"Motorola Edge 30 Pro (Stardust White, 128 GB)","₹34,999"
76,"Apple iPhone 7 Plus (Gold, 128 GB)","₹42,900"
77,"REDMI Note 13 Pro+ 5G (Fusion Purple, 512 GB)","₹35,999"
78,"Nothing Phone (2) (White, 256 GB)","₹37,999"
79,"Nothing Phone (2) (Dark Grey, 256 GB)","₹38,999"
80,"Nothing Phone (2) (White, 128 GB)","₹39,999"
81,"OPPO Reno10 5G (Ice Blue, 256 GB)","₹32,999"
82,"Nothing Phone (2) (White, 512 GB)","₹39,999"
83,"Honor 90 5G (Midnight Black, 512 GB)","₹27,999"
84,"OPPO Reno11 Pro 5G (Pearl White, 256 GB)","₹39,999"
85,"vivo V29 5G (Red, 128 GB)","₹32,999"
86,"vivo V29 5G (Black, 128 GB)","₹32,999"
87,"vivo V29 5G (Red, 256 GB)","₹36,999"
88,"SAMSUNG Galaxy S22 5G (Phantom White, 128 GB)","₹39,999"
89,"vivo V29 5G (Blue, 256 GB)","₹36,999"
90,"SAMSUNG Galaxy S22 5G (Phantom Black, 128 GB)","₹39,999"
91,"vivo V29 5G (Black, 256 GB)","₹36,999"
92,"OnePlus 11R 5G (Sonic Black, 128 GB)","₹39,670"
93,"OnePlus 11R 5G (Sonic Black, 128 GB)","₹39,980"
94,"SAMSUNG Galaxy A54 5G (Awesome Violet, 256 GB)","₹37,499"
95,"OPPO Reno10 5G (Silvery Grey, 256 GB)","₹32,999"
96,"REDMI Note 13 Pro+ 5G (Fusion Black, 512 GB)","₹35,999"
97,"OPPO Reno11 Pro 5G (Rock Grey, 256 GB)","₹39,999"
98,"SAMSUNG Galaxy S22 5G (Green, 128 GB)","₹39,999"
99,"vivo V27 5G (Magic Blue, 128 GB)","₹31,999"
100,"vivo V29 Pro 5G (Black, 256 GB)","₹39,999"
101,"vivo V29 Pro 5G (Blue, 256 GB)","₹39,999"
102,"SAMSUNG Galaxy A54 5G (Awesome Graphite, 256 GB)","₹37,499"
103,"IQOO Neo 7 Pro (Dark Storm, 256 GB)","₹37,228"
104,"REDMI Note 13 Pro+ 5G (Fusion White, 512 GB)","₹35,999"
105,"OPPO Reno10 Pro 5G (Glossy Purple, 256 GB)","₹37,999"
106,"OPPO Reno10 Pro 5G (Silvery Grey, 256 GB)","₹37,999"
107,"SAMSUNG Galaxy A54 5G (Awesome Violet, 128 GB)","₹35,499"
108,"vivo V27 Pro 5G (Magic Blue, 256 GB)","₹39,999"
109,"vivo V27 Pro 5G (Magic Blue, 128 GB)","₹35,990"
110,"IQOO Neo 7 pro (Fearless Flame, 256 GB)","₹37,599"
111,"Samsung Galaxy S21 FE 5G with Snapdragon 888 (Lavender, 256 GB)","₹36,999"
112,"OnePlus 11R 5G (Sonic Black, 128 GB)","₹39,675"
113,"SAMSUNG Galaxy A54 5G (Awesome Graphite, 128 GB)","₹35,499"
114,"OPPO Reno8 Pro 5G - House of The Dragon (House of The Dragon, 256 GB)","₹45,999"
115,"SAMSUNG Galaxy A73 5G (Awesome White, 128 GB)","₹41,799"
116,"OnePlus 7T Pro Mclaren Limited Edition (Papaya Orange, 256 GB)","₹44,990"
117,"OnePlus Nord 3 5G (Tempest Gray, 256 GB)","₹36,000"
118,"OnePlus Nord 3 5G (Misty Green, 256 GB)","₹37,630"
119,"SAMSUNG Galaxy A54 5G (Awesome Graphite, 128 GB)","₹35,499"
120,"OnePlus 11R 5G (Sonic Black, 128 GB)","₹39,675"
121,"vivo V27 5G (Noble Black, 256 GB)","₹38,490"
122,"SAMSUNG Galaxy A54 5G (Awesome White, 256 GB)","₹37,499"
123,"Tecno Phantom X2 5G Dual Curved AMOLED Display (Stardust Grey, 256 GB)","₹37,599"
124,"Mi 10T (Cosmic Black, 128 GB)","₹35,999"
125,"OPPO Reno8T 5G (Midnight Black, 128 GB)","₹38,999"
126,"Samsung Galaxy S21 FE 5G with Snapdragon 888 (Navy, 256 GB)","₹37,259"
127,"vivo V27 Pro 5G (Noble Black, 128 GB)","₹35,999"
128,"IQOO Neo 7 (Frost Blue, 256 GB)","₹30,984"
129,"Apple iPhone SE (White, 64 GB)","₹39,900"
130,"Mi 10T (Cosmic Black, 128 GB)","₹37,999"
131,"OPPO Reno8T 5G (Sunrise Gold, 128 GB)","₹38,999"
132,"OPPO Reno8 5G (Shimmer Black, 128 GB)","₹38,999"
133,"vivo V23 Pro 5G (Stardust Black, 128 GB)","₹29,860"
134,"SAMSUNG Galaxy S20+ (Cosmic Gray, 128 GB)","₹83,000"
135,"Tecno Phantom X2 5G Dual Curved AMOLED Display (Moonlight Silver, 256 GB)","₹34,199"
136,"realme GT Neo 3 (Sprint White, 256 GB)","₹38,999"
137,"SAMSUNG Galaxy A53 (Awesome Blue, 128 GB)","₹33,499"
138,"vivo V25 Pro 5G (Sailing Blue, 128 GB)","₹35,999"
139,"vivo X21 (Black, 128 GB)","₹19,990"
140,"ASUS 6Z (Black, 64 GB)","₹35,999"
141,"realme GT Neo 3 (Asphalt Black, 256 GB)","₹38,999"
142,"realme GT Neo 3 (Asphalt Black, 128 GB)","₹36,999"
143,"realme GT Neo 3 (Nitro Blue, 256 GB)","₹38,999"
144,"OPPO Reno7 5G (Starry Black, 256 GB)","₹37,990"
145,"OPPO Reno7 5G (Startrails Blue, 256 GB)","₹37,990"
146,"vivo V25 Pro 5G (Sailing Blue, 128 GB)","₹27,499"
147,"OnePlus 9 5G (Winter Mist, 256 GB)","₹36,990"
148,"OnePlus 9 5G (Astral Black, 128 GB)","₹36,999"
149,"realme GT Neo 3 (Sprint White, 128 GB)","₹36,999"
150,"OnePlus 9 5G (Winter Mist, 128 GB)","₹35,890"
151,"OnePlus 9 5G (Arctic Sky, 128 GB)","₹36,690"
152,"realme GT Neo 3 (Nitro Blue, 128 GB)","₹36,999"
153,"OPPO Reno6 5G (Aurora, 128 GB)","₹35,990"
154,"vivo V25 Pro 5G (Pure Black, 128 GB)","₹35,999"
155,"OPPO Reno5 Pro 5G (Astral Blue, 128 GB)","₹38,990"
156,"OPPO Reno5 Pro 5G (Starry Black, 128 GB)","₹38,990"
157,"OPPO Reno6 5G (Stellar Black, 128 GB)","₹35,990"
158,"POCO F3 GT 5G (Predator Black, 256 GB)","₹36,999"
159,"Huawei P9 (Mystic Silver, 32 GB)","₹39,999"
160,"IQOO 3 (Quantum Silver, 128 GB)","₹37,990"
161,"ASUS ROG 5s (Black, 128 GB)","₹39,999"
162,"Apple iPhone 8 (Gold, 64 GB)","₹39,900"
163,"POCO C51 (Royal Blue, 64 GB)","₹5,499"
164,"POCO C51 - Locked with Airtel Prepaid (Royal Blue, 64 GB)","₹4,999"
165,"vivo T2x 5G (Aurora Gold, 128 GB)","₹12,999"
166,"vivo T2x 5G (Glimmer Black, 128 GB)","₹12,999"
167,"vivo T2x 5G (Marine Blue, 128 GB)","₹12,999"
168,"vivo T2x 5G (Aurora Gold, 128 GB)","₹11,999"
169,"vivo T2x 5G (Marine Blue, 128 GB)","₹11,999"
170,"vivo T2x 5G (Glimmer Black, 128 GB)","₹11,999"
171,"vivo T2x 5G (Marine Blue, 128 GB)","₹14,999"
172,"vivo T2x 5G (Aurora Gold, 128 GB)","₹14,999"
173,"vivo T2x 5G (Glimmer Black, 128 GB)","₹14,999"
174,"Motorola G34 5G (Ocean Green, 128 GB)","₹11,999"
175,"OnePlus Nord CE 3 Lite 5G (Pastel Lime, 256 GB)","₹20,775"
176,"POCO C51 (Power Black, 64 GB)","₹5,499"
177,"OnePlus Nord CE 3 Lite 5G (Chromatic Gray, 128 GB)","₹19,403"
178,"OnePlus Nord CE 3 Lite 5G (Pastel Lime, 128 GB)","₹19,477"
179,"Motorola G34 5G (Ocean Green, 128 GB)","₹10,999"
180,"POCO C55 (Forest Green, 64 GB)","₹6,299"
181,"POCO C55 (Cool Blue, 128 GB)","₹7,299"
182,"OnePlus Nord CE 3 Lite 5G (Chromatic Gray, 256 GB)","₹20,840"
183,"POCO C51 - Locked with Airtel Prepaid (Power Black, 64 GB)","₹4,999"
184,"POCO C55 (Power Black, 64 GB)","₹6,299"
185,"Motorola g54 5G (Pearl Blue, 128 GB)","₹13,999"
186,"Motorola G34 5G (Ice Blue, 128 GB)","₹10,999"
187,"POCO C55 (Cool Blue, 64 GB)","₹6,299"
188,"Motorola g54 5G (Midnight Blue, 128 GB)","₹13,999"
189,"Motorola e13 (Cosmic Black, 64 GB)","₹6,499"
190,"REDMI 12 (Pastel Blue, 128 GB)","₹10,499"
191,"Apple iPhone 14 (Blue, 128 GB)","₹58,999"
192,"Apple iPhone 14 (Starlight, 128 GB)","₹58,999"
193,"POCO C55 (Forest Green, 128 GB)","₹7,299"
194,"REDMI 12 (Moonstone Silver, 128 GB)","₹10,499"
195,"REDMI A2 (Sea Green, 64 GB)","₹6,948"
196,"Motorola Edge 40 (Nebula Green, 256 GB)","₹26,999"
197,"realme 12 Pro 5G (Navigator Beige, 256 GB)","₹26,999"
198,"realme 12 Pro 5G (Submarine Blue, 256 GB)","₹26,999"
199,"realme 12 Pro 5G (Submarine Blue, 128 GB)","₹25,999"
200,"realme 12 Pro 5G (Navigator Beige, 128 GB)","₹25,999"
201,"POCO C55 (Power Black, 128 GB)","₹7,299"
202,"POCO M6 5G (Orion Blue, 128 GB)","₹10,499"
203,"Motorola G32 (Satin Silver, 128 GB)","₹9,999"
204,"Motorola G32 (Mineral Gray, 128 GB)","₹9,999"
205,"Motorola g54 5G (Mint Green, 256 GB)","₹15,999"
206,"REDMI 12 (Jade Black, 128 GB)","₹9,499"
207,"Apple iPhone 14 (Midnight, 128 GB)","₹58,999"
208,"POCO M4 5G (Yellow, 128 GB)","₹9,999"
209,"vivo T2 5G (Velocity Wave, 128 GB)","₹15,999"
210,"vivo T2 5G (Nitro Blaze, 128 GB)","₹15,999"
211,"vivo T2 5G (Nitro Blaze, 128 GB)","₹17,999"
212,"POCO M6 5G (Orion Blue, 128 GB)","₹9,999"
213,"Apple iPhone 13 (Starlight, 128 GB)","₹52,999"
214,"REDMI A2 (Sea Green, 64 GB)","₹5,499"
215,"vivo T2 5G (Velocity Wave, 128 GB)","₹17,999"
216,"realme 11x 5G (Midnight Black, 128 GB)","₹15,999"
217,"POCO X5 5G (Supernova Green, 128 GB)","₹12,999"
218,"OnePlus Nord CE 3 Lite 5G (Chromatic Gray, 256 GB)","₹21,398"
219,"realme 11x 5G (Midnight Black, 128 GB)","₹14,999"
220,"Motorola Edge 40 Neo (Caneel Bay, 128 GB)","₹22,999"
221,"REDMI A2 (Aqua Blue, 64 GB)","₹5,499"
222,"SAMSUNG Galaxy M14 5G (Smoky Teal, 128 GB)","₹12,315"
223,"Motorola e13 (Creamy White, 64 GB)","₹6,499"
224,"Apple iPhone 13 (Blue, 128 GB)","₹52,999"
225,"Motorola Edge 40 Neo (Soothing Sea, 128 GB)","₹22,999"
226,"POCO M5 (Power Black, 128 GB)","₹8,499"
227,"REDMI A2 (Aqua Blue, 64 GB)","₹6,647"
228,"OnePlus Nord CE 2 Lite 5G (Blue Tide, 128 GB)","₹18,399"
229,"OnePlus Nord CE 3 Lite 5G (Pastel lime, 256 GB)","₹21,292"
230,"realme 11 5G (Glory Black, 128 GB)","₹16,999"
231,"vivo T2 Pro 5G (Dune Gold, 128 GB)","₹23,999"
232,"OnePlus Nord CE 3 Lite 5G (Chromatic Gray, 128 GB)","₹19,478"
233,"Motorola Edge 40 Neo (Black Beauty, 128 GB)","₹22,999"
234,"SAMSUNG Galaxy A53 (Awesome Blue, 256 GB)","₹36,499"
235,"OnePlus 9RT 5G (Nano Silver, 128 GB)","₹39,999"
236,"OnePlus 10R 5G (Sierra Black, 256 GB)","₹36,990"
237,"OnePlus 7 Pro (Mirror Grey, 256 GB)","₹39,900"
238,"vivo T2 Pro 5G (Dune Gold, 128 GB)","₹23,999"
239,"Motorola Edge 40 Neo (Black Beauty, 128 GB)","₹22,999"
240,"realme 11x 5G (Purple Dawn, 128 GB)","₹15,999"
241,"vivo T2 Pro 5G (Dune Gold, 256 GB)","₹24,999"
242,"vivo T2 Pro 5G (New Moon Black, 256 GB)","₹24,999"
243,"realme 11x 5G (Purple Dawn, 128 GB)","₹14,999"
244,"realme 11 5G (Glory Gold, 128 GB)","₹16,999"
245,"vivo T2 Pro 5G (New Moon Black, 128 GB)","₹23,999"
246,"Infinix SMART 8 HD (Shiny Gold, 64 GB)","₹6,299"
247,"Infinix SMART 8 HD (Timber Black, 64 GB)","₹6,299"
248,"Infinix SMART 8 HD (Crystal Green, 64 GB)","₹6,299"
249,"Infinix SMART 8 HD (Galaxy White, 64 GB)","₹6,299"
250,"Apple iPhone 14 (Purple, 128 GB)","₹58,999"
251,"SAMSUNG Galaxy M04 (Light Green, 64 GB)","₹6,875"
252,"Infinix HOT 30i (Glacier Blue, 128 GB)","₹8,299"
253,"Infinix HOT 30i (Diamond White, 128 GB)","₹8,299"
254,"REDMI 12 (Jade Black, 128 GB)","₹10,499"
255,"Apple iPhone 15 (Blue, 128 GB)","₹72,999"
256,"POCO M6 Pro 5G (Power Black, 128 GB)","₹11,999"
257,"Infinix HOT 30i (Marigold, 64 GB)","₹8,399"
258,"Infinix HOT 30i (Mirror Black, 64 GB)","₹8,399"
259,"Infinix HOT 30i (Diamond White, 64 GB)","₹8,399"
260,"Infinix HOT 30i (Glacier Blue, 64 GB)","₹8,399"
261,"REDMI 13c 5G (Startrail Green, 256 GB)","₹14,241"
262,"Motorola g54 5G (Mint Green, 128 GB)","₹13,999"
263,"Infinix HOT 30i (Mirror Black, 128 GB)","₹8,299"
264,"SAMSUNG Galaxy M04 (Dark Blue, 64 GB)","₹6,810"
265,"realme C53 (Champion Gold, 128 GB)","₹10,999"
266,"realme 11 5G (Glory Black, 256 GB)","₹19,999"
267,"Motorola e13 (Aurora Green, 64 GB)","₹6,499"
268,"REDMI Note 12 Pro 5G (Glacier Blue, 128 GB)","₹21,999"
269,"realme C53 (Champion Black, 64 GB)","₹10,999"
270,"realme C53 (Champion Gold, 64 GB)","₹10,999"
271,"Motorola Edge 40 Neo (Peach Fuzz, 256 GB)","₹24,999"
272,"POCO M6 Pro 5G (Power Black, 256 GB)","₹12,999"
273,"realme 12 Pro+ 5G (Submarine Blue, 256 GB)","₹33,999"
274,"realme 12 Pro+ 5G (Navigator Beige, 256 GB)","₹33,999"
275,"SAMSUNG Galaxy M14 5G (Berry Blue, 128 GB)","₹12,287"
276,"realme 12 Pro+ 5G (Navigator Beige, 256 GB)","₹31,999"
277,"realme 12 Pro+ 5G (Submarine Blue, 256 GB)","₹31,999"
278,"Motorola g54 5G (Pearl Blue, 256 GB)","₹15,999"
279,"Motorola g54 5G (Midnight Blue, 256 GB)","₹15,999"
280,"Motorola g84 5G (Viva Magenta, 256 GB)","₹17,999"
281,"realme C53 (Champion Black, 128 GB)","₹9,999"
282,"Motorola G34 5G (Charcoal Black, 128 GB)","₹10,999"
283,"realme 12 Pro+ 5G (Submarine Blue, 128 GB)","₹29,999"
284,"REDMI Note 13 Pro 5G (Coral Purple, 128 GB)","₹25,999"
285,"Infinix Note 30 5G (Magic Black, 128 GB)","₹14,999"
286,"POCO X6 5G (Snowstorm White, 256 GB)","₹21,999"
287,"POCO C65 (Pastel Blue, 128 GB)","₹7,499"
288,"POCO M6 Pro 5G (Forest Green, 128 GB)","₹11,999"
289,"Motorola Edge 40 Neo (Peach Fuzz, 128 GB)","₹22,999"
290,"Infinix Note 30 5G (Magic Black, 256 GB)","₹14,999"
291,"POCO M6 Pro 5G (Forest Green, 256 GB)","₹12,999"
292,"realme 11 5G (Glory Gold, 256 GB)","₹19,999"
293,"OnePlus Nord CE 2 Lite 5G (Black Dusk, 128 GB)","₹17,835"
294,"POCO C51 (Royal Blue, 128 GB)","₹6,499"
295,"realme C53 (Champion Black, 128 GB)","₹10,999"
296,"SAMSUNG Galaxy M14 5G (Icy Silver, 128 GB)","₹12,599"
297,"Infinix Note 30 5G (Interstellar Blue, 256 GB)","₹14,999"
298,"Infinix Note 30 5G (Sunset Gold, 256 GB)","₹14,999"
299,"OnePlus Nord CE 3 Lite 5G (Pastel Lime, 128 GB)","₹19,478"
300,"Apple iPhone 13 (Midnight, 128 GB)","₹52,999"
301,"Motorola e13 (Little Boy Blue, 128 GB)","₹7,499"
302,"POCO X6 Pro 5G (Yellow, 256 GB)","₹26,999"
303,"realme C53 (Champion Gold, 128 GB)","₹9,999"
304,"REDMI 12 5G (Pastel Blue, 256 GB)","₹15,499"
305,itel Magic X Pro 4G| 2500mAh Big Battery| Expandable Storage upto 64GB,"₹1,673"
306,"Motorola Edge 40 (Eclipse Black, 256 GB)","₹26,999"
307,"Apple iPhone 15 (Black, 128 GB)","₹72,999"
308,"POCO M6 5G (Galactic Black, 128 GB)","₹9,999"
309,"POCO M5 (Power Black, 64 GB)","₹7,499"
310,"REDMI Note 13 Pro 5G (Coral Purple, 256 GB)","₹27,999"
311,"POCO C51 (Power Black, 128 GB)","₹6,499"
312,"realme Narzo N53 (Feather Black, 128 GB)","₹10,860"
313,"REDMI Note 13 Pro 5G (Midnight Black, 128 GB)","₹25,999"
314,"POCO M6 5G (Galactic Black, 128 GB)","₹10,499"
315,"POCO C65 (Pastel Blue, 128 GB)","₹8,499"
316,"REDMI A2 (Classic Black, 64 GB)","₹5,499"
317,"Motorola G32 (Satin Maroon, 128 GB)","₹9,999"
318,"POCO X6 Pro 5G (Racing Grey, 256 GB)","₹26,999"
319,"Apple iPhone 14 (Blue, 256 GB)","₹68,999"
320,"REDMI Note 12 (Lunar Black, 64 GB)","₹10,999"
321,"POCO X6 5G (Mirror Black, 256 GB)","₹21,999"
322,"POCO X6 Pro 5G (Spectre Black, 512 GB)","₹28,999"
323,"Apple iPhone 14 Plus (Blue, 128 GB)","₹66,999"
324,"POCO M6 5G (Orion Blue, 256 GB)","₹11,999"
325,"SAMSUNG Galaxy F13 (Waterfall Blue, 64 GB)","₹9,999"
326,"realme Narzo N53 (Feather Gold, 128 GB)","₹10,130"
327,"Motorola g84 5G (Midnight Blue, 256 GB)","₹17,999"
328,"SAMSUNG Galaxy M14 5G (ICY Silver, 128 GB)","₹11,574"
329,"REDMI 12 (Pastel Blue, 128 GB)","₹9,499"
330,"Infinix SMART 8 (Shiny Gold, 64 GB)","₹7,099"
331,"Infinix SMART 8 (Rainbow Blue, 64 GB)","₹7,099"
332,"Infinix SMART 8 (Galaxy White, 64 GB)","₹7,099"
333,"Infinix SMART 8 (Timber Black, 64 GB)","₹7,099"
334,"REDMI Note 12 (Sunrise Gold, 64 GB)","₹10,999"
335,"Infinix SMART 7 (Azure Blue, 64 GB)","₹6,999"
336,"Infinix SMART 7 (Azure Blue, 128 GB)","₹7,299"
337,"Infinix SMART 7 (Night Black, 64 GB)","₹6,999"
338,"POCO C65 (Matte Black, 128 GB)","₹7,499"
339,"REDMI 13c 5G (Startrail Silver, 128 GB)","₹12,379"
340,"Apple iPhone 13 (Midnight, 256 GB)","₹62,999"
341,"SAMSUNG Galaxy F14 5G (GOAT Green, 128 GB)","₹13,490"
342,"SAMSUNG Galaxy M04 (Light Green, 128 GB)","₹8,190"
343,"REDMI 13c 5G (Starlight Black, 256 GB)","₹14,174"
344,"REDMI 12 5G (Moonstone Silver, 256 GB)","₹15,499"
345,"POCO M6 Pro 5G (Forest Green, 128 GB)","₹10,999"
346,"OnePlus Nord CE3 5G (Aqua Surge, 128 GB)","₹24,680"
347,Kechaoda K112,"₹1,569"
348,"Infinix SMART 7 (Emerald Green, 64 GB)","₹6,999"
349,"REDMI 13c 5G (Startrail Silver, 128 GB)","₹11,407"
350,"Nokia 105 Single SIM, Keypad Mobile Phone with Wireless FM Radio","₹1,199"
351,"Nokia 105 Single SIM, Keypad Mobile Phone with Wireless FM Radio","₹1,199"
352,"Nokia 105 Single SIM, Keypad Mobile Phone with Wireless FM Radio","₹1,199"
353,"POCO X6 Pro 5G (Spectre Black, 256 GB)","₹26,999"
354,Kechaoda K112,"₹1,575"
355,"REDMI 12 5G (Jade Black, 256 GB)","₹15,499"
356,SAMSUNG GURU MUSIC 2,"₹1,490"
357,"Infinix HOT 30i (Marigold, 128 GB)","₹8,299"
358,"POCO C65 (Pastel Blue, 256 GB)","₹9,499"
359,"POCO M6 5G (Galactic Black, 256 GB)","₹11,999"
360,"OnePlus Nord CE3 5G (Aqua Surge, 256 GB)","₹28,998"
361,"Apple iPhone 13 (Pink, 128 GB)","₹52,999"
362,"REDMI 13C (Starfrost White, 128 GB)","₹9,999"
363,"Infinix SMART 8 (Timber Black, 128 GB)","₹8,999"
364,"Infinix SMART 8 (Shiny Gold, 128 GB)","₹8,999"
365,"Infinix SMART 8 (Rainbow Blue, 128 GB)","₹8,999"
366,"Infinix SMART 8 (Galaxy White, 128 GB)","₹8,999"
367,"REDMI Note 13 Pro+ 5G (Fusion Purple, 256 GB)","₹33,999"
368,"realme 11 Pro+ 5G (Sunrise Beige, 256 GB)","₹27,999"
369,"SAMSUNG Galaxy F14 5G (B.A.E. Purple, 128 GB)","₹11,990"
370,"Samsung Galaxy S21 FE 5G with Snapdragon 888 (Lavender, 128 GB)","₹29,999"
371,"REDMI Note 12 5G (Matte Black, 128 GB)","₹15,499"
372,SAMSUNG Guru Music 2,"₹1,440"
373,"SAMSUNG Galaxy F04 (Opal Green, 64 GB)","₹7,999"
374,"SAMSUNG Galaxy F14 5G (OMG Black, 128 GB)","₹13,490"
375,SAMSUNG GT-E1215,"₹1,499"
376,"REDMI 13c 5G (Startrail Silver, 256 GB)","₹14,138"
377,"POCO X6 Pro 5G (Racing Grey, 512 GB)","₹28,999"
378,SAMSUNG Guru Music 2,"₹1,489"
379,"REDMI Note 13 Pro+ 5G (Fusion Purple, 256 GB)","₹31,999"
380,SAMSUNG Guru Music 2,"₹1,499"
381,"OPPO Reno11 5G (Wave Green, 256 GB)","₹31,999"
382,"Motorola g14 (Butter Cream, 128 GB)","₹8,499"
383,"Apple iPhone 14 Plus (Starlight, 128 GB)","₹66,999"
384,"OPPO Reno11 5G (Rock Grey, 128 GB)","₹29,999"
385,"OPPO Reno11 5G (Wave Green, 128 GB)","₹29,999"
386,"REDMI 13c 5G (Startrail Green, 128 GB)","₹12,302"
387,"SAMSUNG Galaxy F14 5G (B.A.E. Purple, 128 GB)","₹13,490"
388,"SAMSUNG Galaxy F13 (Nightsky Green, 64 GB)","₹9,999"
389,"OPPO A17 (Lake Blue, 64 GB)","₹9,999"
390,"Motorola Edge 40 (Viva Magenta, 256 GB)","₹26,999"
391,"REDMI 13c 5G (Starlight Black, 128 GB)","₹10,919"
392,"REDMI 13c 5G (Startrail Green, 128 GB)","₹10,942"
393,"SAMSUNG Galaxy Z Flip4 5G (Pink Gold, 128 GB)","₹59,999"
394,"Motorola g84 5G (Marshmallow Blue, 256 GB)","₹17,999"
395,"Nokia 105 Single SIM, Keypad Mobile Phone with Wireless FM Radio","₹1,199"
396,"SAMSUNG Galaxy M14 5G (Icy Silver, 128 GB)","₹12,527"
397,"Apple iPhone 14 Plus (Purple, 128 GB)","₹66,999"
398,"Apple iPhone 14 ((PRODUCT)RED, 128 GB)","₹58,999"
399,"Samsung Galaxy S21 FE 5G with Snapdragon 888 (Graphite, 128 GB)","₹29,999"
400,"Motorola e32 (Eco Black, 64 GB)","₹7,499"
401,"Infinix HOT 30 5G (Aurora Blue, 128 GB)","₹12,499"
402,"REDMI 13c 5G (Starlight Black, 128 GB)","₹12,283"
403,"SAMSUNG Galaxy F54 5G (Stardust Silver, 256 GB)","₹24,999"
404,"SAMSUNG Galaxy F14 5G (GOAT Green, 128 GB)","₹11,990"
405,"POCO M6 Pro 5G (Power Black, 128 GB)","₹10,999"
406,"REDMI Note 13 Pro 5G (Arctic White, 128 GB)","₹25,999"
407,"REDMI Note 12 5G (Sunrise Gold, 128 GB)","₹16,999"
408,"IQOO Z7s 5G (Norway Blue, 128 GB)","₹15,985"
409,"Infinix Note 30 5G (Sunset Gold, 128 GB)","₹14,999"
410,"Infinix HOT 30 5G (Miami Orange, 128 GB)","₹12,999"
411,Kechaoda A27,₹999
412,"REDMI Note 13 5G (Prism Gold, 128 GB)","₹18,600"
413,"Infinix HOT 30 5G (Knight Black, 128 GB)","₹12,499"
414,"realme Narzo N53 (Feather Gold, 128 GB)","₹10,322"
415,"Apple iPhone 14 Plus (Midnight, 128 GB)","₹66,999"
416,"Motorola G32 (Rose Gold, 128 GB)","₹9,999"
417,"realme Narzo N53 (Feather Black, 64 GB)","₹7,957"
418,"SAMSUNG Galaxy F13 (Sunrise Copper, 64 GB)","₹9,999"
419,Kechaoda A26,₹999
420,"Apple iPhone 15 Plus (Black, 128 GB)","₹82,990"
421,SAMSUNG Guru Music 2,"₹1,549"
422,Kechaoda A26,₹999
423,"POCO C65 (Matte Black, 256 GB)","₹9,499"
424,"Infinix HOT 30 5G (Knight Black, 128 GB)","₹12,999"
425,"Infinix HOT 30 5G (Aurora Blue, 128 GB)","₹12,999"
426,"Apple iPhone 15 (Pink, 128 GB)","₹72,999"
427,"OnePlus Nord 3 5G (Misty Green, 128 GB)","₹28,188"
428,SAMSUNG Guru Music 2,"₹1,480"
429,"realme Narzo 60X 5G (Nebula Purple, 128 GB)","₹12,299"
430,Jio B1 Keypad Phone (UPI) Locked,"₹1,406"
431,"Infinix HOT 30 5G (Miami Orange, 128 GB)","₹12,499"
432,"realme Narzo 60X 5G (Nebula Purple, 128 GB)","₹14,988"
433,"Motorola g14 (Pale Lilac, 128 GB)","₹8,499"
434,"REDMI Note 13 Pro+ 5G (Fusion White, 256 GB)","₹31,999"
435,"Samsung Galaxy S21 FE 5G with Snapdragon 888 (Navy, 128 GB)","₹29,999"
436,"Motorola e13 (Cosmic Black, 128 GB)","₹7,499"
437,"realme C55 (Sunshower, 128 GB)","₹13,999"
438,"I Kall Z19Pro Ultra (champagne, 128 GB)","₹7,999"
439,"realme Narzo 60X 5G (Stellar Green, 128 GB)","₹13,455"
440,"Motorola g14 (Sky Blue, 128 GB)","₹8,499"
441,"REDMI Note 13 5G (Prism Gold, 256 GB)","₹19,021"
442,"REDMI Note 13 5G (Stealth Black, 128 GB)","₹18,420"
443,"POCO X5 5G (Supernova Green, 256 GB)","₹20,999"
444,"REDMI A2+ (Classic Black, 128 GB)","₹7,638"
445,"REDMI Note 13 5G (Arctic White, 128 GB)","₹18,979"
446,"REDMI Note 13 Pro+ 5G (Fusion Black, 256 GB)","₹31,999"
447,"OPPO Reno11 5G (Rock Grey, 256 GB)","₹31,999"
448,"realme C55 (Rainforest, 64 GB)","₹11,999"
449,"realme C55 (Rainy Night, 64 GB)","₹11,999"
450,"realme C55 (Rainforest, 128 GB)","₹13,999"
451,"realme Narzo 60x 5G (Stellar Green, 128 GB)","₹12,212"
452,"REDMI 12 5G (Jade Black, 128 GB)","₹13,499"
453,Kechaoda K10,"₹1,040"
454,"REDMI A2+ (Sea Green, 128 GB)","₹7,355"
455,"REDMI A2 (Classic Black, 64 GB)","₹6,699"
456,"REDMI Note 13 5G (Arctic White, 256 GB)","₹21,999"
457,Micromax X818,"₹1,488"
458,"OnePlus Nord CE 3 Lite 5G (Pastel Lime, 256 GB)","₹21,419"
459,"realme Narzo N55 (Prime Blue, 128 GB)","₹9,950"
460,"realme Narzo N55 (Prime Black, 128 GB)","₹10,226"
461,"Apple iPhone 15 (Green, 128 GB)","₹72,999"
462,realme Narzo 60x 5G,"₹12,699"
463,Jio B1 Keypad Phone (UPI) Locked Blue,"₹1,409"
464,"REDMI 12 5G (Pastel Blue, 128 GB)","₹13,499"
465,"REDMI 12 5G (Moonstone Silver, 128 GB)","₹13,499"
466,"REDMI A2+ (Aqua Blue, 128 GB)","₹7,786"
467,"realme C55 (Sunshower, 64 GB)","₹13,999"
468,"realme Narzo N55 (Prime Blue, 64 GB)","₹9,940"
469,Nokia 105 Classic without Charger,₹999
470,LAVA Hero 600i Blue+Green,₹899
471,LAVA A3 vibe,"₹1,212"
472,Kechaoda K115,"₹1,080"
473,Kechaoda K115,"₹1,090"
474,Kechaoda K115,"₹1,070"
475,Nokia 105 Classic without Charger,₹999
476,"Samsung Galaxy S21 FE 5G with Snapdragon 888 (Olive, 128 GB)","₹29,999"
477,"realme C55 (Rainy Night, 128 GB)","₹13,999"
478,"Apple iPhone 13 (Green, 128 GB)","₹52,999"
479,"SAMSUNG Galaxy M34 5G without charger (Midnight Blue, 128 GB)","₹15,697"
480,"SAMSUNG Galaxy M34 5G without charger (Prism Silver, 128 GB)","₹15,794"
481,"realme C55 (Sunshower, 64 GB)","₹8,999"
482,"realme C55 (Rainy Night, 64 GB)","₹8,999"
483,"realme C55 (Rainy Night, 128 GB)","₹13,999"
484,"POCO X6 Pro 5G (Yellow, 512 GB)","₹28,999"
485,Kechaoda K10,₹989
486,Good One 2192,"₹1,044"
487,"Infinix Zero 30 5G (Rome Green, 256 GB)","₹22,999"
488,SAMSUNG Guru 1200,"₹1,399"
489,"REDMI 13C (Stardust Black, 128 GB)","₹9,999"
490,"Nokia 105 Single SIM, Keypad Mobile Phone with Wireless FM Radio","₹1,280"
491,"Infinix SMART 7 (Emerald Green, 128 GB)","₹7,299"
492,"Infinix SMART 7 (Night Black, 128 GB)","₹7,299"
493,"Infinix Zero 30 5G (Rome Green, 256 GB)","₹21,999"
494,"Infinix Zero 30 5G (Golden Hour, 256 GB)","₹21,999"
495,Jio PRIMA 4G,"₹2,869"
496,"realme C67 5G (Sunny Oasis, 128 GB)","₹14,499"
497,Nokia 105 CLASSIC,"₹1,168"
498,"OnePlus Nord CE3 5G (Grey Shimmer, 128 GB)","₹24,398"
499,"IQOO Z7 Pro 5G (Blue Lagoon, 128 GB)","₹23,904"
500,"realme C67 5G (Sunny Oasis, 128 GB)","₹12,999"
501,"realme C67 5G (Dark Purple, 128 GB)","₹12,999"
502,Snexian GURU 310,₹609
503,"IQOO Z7s 5G (?Pacific Night, 128 GB)","₹16,249"
504,itel Magic X Pro 4G| 2500mAh Big Battery| Expandable Storage upto 64GB,"₹1,731"
505,Kechaoda K115,"₹1,070"
506,"realme Narzo N53 (Feather Gold, 64 GB)","₹7,999"
507,"Motorola Edge 40 (Lunar Blue, 256 GB)","₹26,999"
508,"Apple iPhone 15 Plus (Blue, 128 GB)","₹82,990"
509,"IQOO Z7S 5G (Norway Blue, 128 GB)","₹17,178"
510,"REDMI Note 13 5G (Arctic White, 256 GB)","₹21,235"
511,"IQOO Z7S 5G (Pacific Night, 128 GB)","₹17,229"
512,Kechaoda K55,"₹1,125"
513,"REDMI 12 (Moonstone Silver, 128 GB)","₹9,499"
514,LAVA Hero 600i Mint Green,₹899
515,LAVA Hero 600i Sapphire Blue,₹898
516,"realme C67 5G (Dark Purple, 128 GB)","₹14,499"
517,Snexian ROCK X,"₹2,500"
518,Kechaoda K112,"₹1,599"
519,"POCO X6 5G (Snowstorm White, 512 GB)","₹24,999"
520,Micromax X412,₹863
521,Nokia 105 CLASSIC,"₹1,128"
522,"SAMSUNG Galaxy M04 (Light Green, 64 GB)","₹6,883"
523,"SAMSUNG Galaxy A15 5G (Blue Black, 128 GB)","₹19,499"
524,"Infinix Zero 30 5G (Golden Hour, 256 GB)","₹22,999"
525,"Infinix Zero 30 5G (Fantasy Purple, 256 GB)","₹22,999"
526,Micromax X412,₹860
527,Jio V2 Keypad Phone (UPI) Locked,"₹1,065"
528,"Nokia 150 Dual Sim Keypad Mobile, Wireless FM radio, Bluetooth, MP3 player","₹2,499"
529,Snexian ROCK X,"₹2,500"
530,"SAMSUNG Galaxy F34 5G (Electric Black, 128 GB)","₹15,999"
531,Micromax J2,₹836
532,Micromax J2,₹840
533,Snexian GURU 310,₹609
534,Snexian ROCK X,"₹2,500"
535,Micromax X413,₹880
536,itel Ace2 Keypad Mobile| 1000 mAh Battery|Expandable Storage 32GB,₹892
537,"SAMSUNG Galaxy S23 5G (Green, 256 GB)","₹69,999"
538,Kechaoda K66 The Music House 4,"₹1,150"
539,"REDMI Note 13 Pro 5G (Arctic White, 256 GB)","₹27,999"
540,"SAMSUNG Galaxy F34 5G (Orchid Violet, 128 GB)","₹15,999"
541,"REDMI 13C (Stardust Black, 256 GB)","₹11,499"
542,Micromax X413,₹833
543,"SAMSUNG Galaxy F04 (Jade Purple, 64 GB)","₹7,999"
544,"realme C51 (Mint Green, 64 GB)","₹8,999"
545,"realme C51 (Carbon Black, 64 GB)","₹8,999"
546,Micromax X512,₹914
547,"SAMSUNG Galaxy F14 5G (OMG Black, 128 GB)","₹11,990"
548,"SAMSUNG Galaxy A15 5G (Light Blue, 128 GB)","₹19,499"
549,"SAMSUNG Galaxy M14 5G (ICY Silver, 128 GB)","₹11,549"
550,"realme C51 (Carbon Black, 128 GB)","₹8,999"
551,"Apple iPhone 15 (Blue, 256 GB)","₹82,999"
552,"SAMSUNG Galaxy F34 5G (Orchid Violet, 128 GB)","₹17,999"
553,"OPPO A59 5G (Silk Gold, 128 GB)","₹15,499"
554,"OPPO A59 5G (Starry Black, 128 GB)","₹15,499"
555,"OnePlus 10R (Sierra Black, 128 GB)","₹27,093"
556,"Nokia 105 Single SIM, Keypad Mobile Phone with Wireless FM Radio","₹1,099"
557,itel Ace2 Keypad Mobile| 1000 mAh Battery|Expandable Storage 32GB,₹891
558,Snexian GURU 310,₹609
559,Snexian GURU 310,₹692
560,"realme Narzo N53 (Feather Black, 128 GB)","₹10,239"
561,"vivo V29 5G (Blue, 128 GB)","₹32,999"
562,"SAMSUNG Galaxy F34 5G (Mystic Green, 128 GB)","₹15,999"
563,"OPPO A59 5G (Starry Black, 128 GB)","₹13,999"
564,Micromax J2,₹842
565,"realme Narzo 60 5G (Mars Orange, 128 GB)","₹16,345"
566,"realme Narzo 60 5G (Mars Orange, 256 GB)","₹19,573"
567,"SAMSUNG Galaxy A14 5G (Dark Red, 128 GB)","₹16,999"
568,SAMSUNG Guru Music 2,"₹1,899"
569,"Apple iPhone 14 (Yellow, 128 GB)","₹59,999"
570,"SAMSUNG Galaxy S23 5G (Cream, 256 GB)","₹69,999"
571,"SAMSUNG Galaxy A14 5G (Dark Red, 64 GB)","₹14,498"
572,Snexian ROCK Z,"₹2,700"
573,"REDMI Note 12 (Ice Blue, 64 GB)","₹10,999"
574,"Apple iPhone 15 (Black, 256 GB)","₹82,999"
575,Snexian ROCK X,"₹2,500"
576,Snexian ROCK X,"₹2,500"
577,"REDMI Note 13 5G (Prism Gold, 256 GB)","₹20,769"
578,"Apple iPhone 14 (Purple, 256 GB)","₹68,999"
579,"REDMI Note 12 (Lunar Black, 128 GB)","₹13,999"
580,"OnePlus Nord CE 3 Lite 5G (Chromatic Gray, 256 GB)","₹21,449"
581,"itel it2163s 4.5cm,1200mAh,BT Caller,12+1 Month Warranty with 111 Days Replacement",₹942
582,"Motorola g14 (Steel Gray, 128 GB)","₹8,499"
583,"vivo Y02t (Cosmic Grey, 64 GB)","₹8,499"
584,"REDMI Note 13 5G (Stealth Black, 256 GB)","₹20,727"
585,Nokia 105 ss,"₹1,263"
586,"SAMSUNG Galaxy S23 5G (Cream, 128 GB)","₹64,999"
587,"SAMSUNG Galaxy F34 5G (Mystic Green, 128 GB)","₹17,999"
588,Snexian ROCK Z,"₹2,700"
589,Kechaoda K55,"₹1,090"
590,"itel it2163s 4.5cm,1200mAh,BT Caller,12+1 Month Warranty with 111 Days Replacement",₹943
591,"REDMI Note 13 5G (Stealth Black, 256 GB)","₹19,388"
592,Kechaoda K55,"₹1,125"
593,I Kall K3310,₹729
594,"OnePlus Nord CE 3 Lite 5G (Chromatic Gray, 128 GB)","₹19,390"
595,Micromax X512,₹899
596,"IQOO Z6 Lite 5G (With Charger) (Stellar Green, 128 GB)","₹13,777"
597,"SAMSUNG Galaxy A34 5G (Awesome Violet, 128 GB)","₹27,499"
598,"IQOO Z6 Lite 5G (With Charger) (Stellar Green, 128 GB)","₹13,777"
599,"OnePlus 12 5G (Silky Black, 256 GB)","₹64,975"
600,"SAMSUNG Galaxy S23 Ultra 5G (Green, 256 GB)","₹99,999"
601,"SAMSUNG Galaxy A34 5G (Awesome Graphite, 128 GB)","₹27,499"
602,"Motorola e22s (Arctic Blue, 64 GB)","₹7,199"
603,MTR Ferrari,"₹1,380"
604,Kechaoda K115,"₹1,099"
605,"itel it2163s 4.5cm,1200mAh,BT Caller,12+1 Month Warranty with 111 Days Replacement",₹942
606,"realme Narzo N53 (Feather Gold, 64 GB)","₹8,225"
607,"SAMSUNG Galaxy M14 5G (Smoky Teal, 128 GB)","₹11,462"
608,"SAMSUNG Galaxy M14 5G (Berry Blue, 128 GB)","₹11,150"
609,"Apple iPhone 12 (Blue, 128 GB)","₹50,999"
610,"Nokia 110 Dual sim Keypad Phone with FM Radio, Auto Call Recording","₹1,859"
611,itel it5330 | 2.8 inch Big Display | 1900 mAh Battery | Kingvoice,"₹1,499"
612,Good One G5605,₹999
613,"Nokia 5310 DS Keypad Mobile, FM Radio,Camera with Flash (8 MB RAM)","₹3,429"
614,"Apple iPhone 14 (Midnight, 256 GB)","₹68,999"
615,Motorola Moto A10E,"₹1,349"
616,"Infinix Hot 20 5G (Space Blue, 128 GB)","₹12,999"
617,"SAMSUNG Galaxy A34 5G (Awesome Lime, 256 GB)","₹29,499"
618,"Infinix Hot 20 5G (Blaster Green, 128 GB)","₹12,999"
619,"REDMI Note 12 (Sunrise Gold, 128 GB)","₹13,999"
620,LAVA A3 Vibe,"₹1,288"
621,Nokia 105,"₹1,358"
622,"vivo Y02t (Sunset Gold, 64 GB)","₹8,499"
623,"REDMI Note 12 5G (Frosted Green, 256 GB)","₹18,999"
624,"Tecno Camon 20 4G with FHD + Big AMOLED Display (Art Edition, 256 GB)","₹13,149"
625,LAVA A3 Vibe,"₹1,288"
626,MTR Ferrari,"₹1,380"
627,"Tecno Pop 8 (Mystery White, 64 GB)","₹7,489"
628,"Tecno Pop 8 (Gravity Black, 64 GB)","₹7,489"
629,"REDMI Note 13 Pro 5G (Midnight Black, 256 GB)","₹29,999"
630,SAMSUNG Guru Music 2,"₹2,180"
631,itel it5330 | 2.8 inch Big Display | 1900 mAh Battery | Kingvoice,"₹1,499"
632,"SAMSUNG Galaxy M04 (Light Green, 128 GB)","₹7,940"
633,"SAMSUNG Galaxy M04 (Dark Blue, 128 GB)","₹7,986"
634,"IQOO Z7 Pro 5G (Blue Lagoon, 256 GB)","₹26,999"
635,"realme Narzo N55 (Prime Black, 64 GB)","₹9,799"
636,Kechaoda K66 The Music House 4,"₹1,150"
637,Snexian ROCK Z,"₹2,700"
638,"SAMSUNG Galaxy A34 5G (Awesome Graphite, 256 GB)","₹29,499"
639,itel Power110Neo|2500 mAh battery| Expandable Storage Upto 32GB,"₹1,248"
640,"SAMSUNG Galaxy F54 5G (Meteor Blue, 256 GB)","₹24,999"
641,"I Kall S1 Plus (Golden, 128 GB)","₹9,999"
642,"vivo V29e 5G (Artistic Red, 128 GB)","₹26,999"
643,"IQOO Z7 Pro 5G (Graphite Matte, 256 GB)","₹27,899"
644,"REDMI 13C (Starshine Green, 256 GB)","₹11,499"
645,"vivo V29e 5G (Artistic Blue, 128 GB)","₹26,999"
646,LAVA A3 Power,"₹1,398"
647,"SAMSUNG Galaxy S23 FE (Mint, 128 GB)","₹54,999"
648,"Motorola g13 (Matte Charcoal, 128 GB)","₹8,999"
649,"OnePlus Nord 3 5G (Tempest Gray, 128 GB)","₹28,974"
650,"Nokia 105 Dual Sim, Keypad Mobile Phone with Wireless FM Radio","₹1,199"
651,"OnePlus Nord CE 3 Lite 5G (Pastel Lime, 128 GB)","₹19,447"
652,"vivo V29e 5G (Artistic Blue, 256 GB)","₹28,999"
653,"vivo V29e 5G (Artistic Red, 256 GB)","₹28,999"
654,"REDMI 10A (Slate grey, 64 GB)","₹8,699"
655,LAVA A1 Vibe,₹899
656,Kechaoda K60,"₹1,799"
657,"IQOO Z7s 5G (Pacific Night, 128 GB)","₹17,500"
658,"realme Narzo 60 5G (?Cosmic Black, 128 GB)","₹16,390"
659,itel ACE 2 YOUNG (WITHOUT CHARGER),₹829
660,Snexian GURU 2173,₹609
661,"realme 11 Pro+ 5G (Sunrise Beige, 256 GB)","₹29,999"
662,"REDMI 12 5G (Jade Black, 128 GB)","₹14,190"
663,Nokia 105 SS 2021,"₹1,220"
664,"POCO X6 5G (Mirror Black, 512 GB)","₹24,999"
665,"REDMI 10A (Slate Grey, 32 GB)","₹7,380"
666,"REDMI Note 13 Pro 5G (Coral Purple, 256 GB)","₹29,999"
667,"realme 11 Pro+ 5G (Oasis Green, 256 GB)","₹29,999"
668,"REDMI Note 13 Pro 5G (Midnight Black, 256 GB)","₹27,999"
669,"OPPO A17k (Blue, 64 GB)","₹8,499"
670,Motorola Moto A10E,"₹1,369"
671,"LAVA Blaze (Glass Black, 64 GB)","₹6,519"
672,"SAMSUNG Galaxy S23 5G (Phantom Black, 256 GB)","₹69,999"
673,Jio PRIMA 4G,"₹2,895"
674,"I Kall King Talking, Contact icon and Auto Call Recording",₹729
675,Cellecor X3,₹979
676,"SAMSUNG Galaxy S23 Ultra 5G (Cream, 256 GB)","₹99,999"
677,"Nokia C32 (Breezy Mint, 128 GB)","₹7,499"
678,"Nokia C32 (Beach Pink, 128 GB)","₹7,499"
679,Micromax X746,"₹1,450"
680,Nokia 105 SS 2023,"₹1,329"
681,"LAVA Blaze (Glass Green, 64 GB)","₹6,429"
682,Lvix L1 312,₹594
683,"realme C51 (Mint Green, 128 GB)","₹8,999"
684,SAMSUNG Guru Music 2 SM-B315E,"₹1,399"
685,"Apple iPhone 15 Plus (Pink, 128 GB)","₹82,990"
686,KARBONN K531,"₹1,288"
687,Jio B1,"₹1,438"
688,itel it5330 | 2.8 inch Big Display | 1900 mAh Battery | Kingvoice,"₹1,499"
689,Nokia 105 SS 2023,"₹1,358"
690,Nokia 105 SS 2023,"₹1,340"
691,LAVA A3 Vibe,"₹1,298"
692,"Xiaomi 11i 5G (Purple Mist, 128 GB)","₹22,999"
693,"vivo X100 (Stargaze Blue, 512 GB)","₹69,999"
694,"vivo X100 (Asteroid Black, 512 GB)","₹69,999"
695,"SAMSUNG GALAXY M13 (Aqua Green, 64 GB)","₹9,205"
696,Nokia 2660 DS 4G Flip,"₹4,864"
697,KARBONN K531,"₹1,325"
698,"OPPO A78 5G (Glowing Black, 128 GB)","₹18,999"
699,KARBONN K9,"₹1,265"
700,Kechaoda A26,₹980
701,Kechaoda A26,₹965
702,KARBONN K9 Yodha,"₹1,135"
703,"SAMSUNG Galaxy A14 5G (Black, 64 GB)","₹14,498"
704,KARBONN K531,"₹1,290"
705,Micromax J22,"₹1,042"
706,Kechaoda A27,₹980
707,Kechaoda A27,₹985
708,KARBONN KX 29,"₹1,406"
709,KARBONN KX 29,"₹1,389"
710,Kechaoda A27,₹960
711,"realme 11 Pro 5G (Sunrise Beige, 256 GB)","₹27,999"
712,"vivo X100 (Stargaze Blue, 256 GB)","₹63,999"
713,Micromax J22,"₹1,199"
714,"Tecno Spark Go 2024 (Mystery White, 64 GB)","₹7,559"
715,"Tecno Spark Go 2024 (Gravity Black, 64 GB)","₹7,539"
716,KARBONN Y1,₹979
717,"SAMSUNG Galaxy S24 5G (Onyx Black, 256 GB)","₹79,999"
718,LAVA A3 Power,"₹1,398"
719,"Tecno Spark Go 2024 (Magic Skin Green, 64 GB)","₹7,499"
720,"Apple iPhone 15 Pro (White Titanium, 128 GB)","₹1,27,990"
721,Nokia 105 SS 2023,"₹1,340"
722,"OPPO F23 5G (Cool Black, 256 GB)","₹22,999"
723,Cellecor X3,₹979
724,Cellecor X3,₹979
725,"Nokia C32 (Beach Pink, 64 GB)","₹6,999"
726,"Motorola g13 (Matte Charcoal, 128 GB)","₹8,999"
727,"OnePlus Nord CE 3 Lite 5G (Pastel Lime, 128 GB)","₹19,447"
728,Nokia 105 SS 2023,"₹1,329"
729,Nokia 105 SS 2023,"₹1,358"
730,itel it5330 | 2.8 inch Big Display | 1900 mAh Battery | Kingvoice,"₹1,499"
731,"Nokia 105 Dual Sim, Keypad Mobile Phone with Wireless FM Radio","₹1,199"
732,"REDMI 10A (Slate grey, 64 GB)","₹8,699"
733,Jio V2 Keypad Phone with (UPI) Locked New,"₹1,071"
734,Kechaoda K60,"₹1,799"
735,SAMSUNG Guru FM Plus,"₹1,950"
736,"SAMSUNG Galaxy S23 Ultra 5G (Cream, 256 GB)","₹99,999"
737,Nokia 105 SS 2021,"₹1,220"
738,"SAMSUNG Galaxy S24 Ultra 5G (Titanium Black, 512 GB)","₹1,39,999"
739,Snexian GURU 2173,₹609
740,"REDMI 10A (Slate Grey, 32 GB)","₹7,380"
741,"OnePlus Nord CE 3 Lite 5G (Chromatic Gray, 128 GB)","₹19,463"
742,itel MagicX Play 4G| 1900 mAh battery| Expandable Storage upto 64GB,"₹1,440"
743,"SAMSUNG Galaxy A34 5G (Awesome Violet, 256 GB)","₹29,499"
744,"Apple iPhone 15 Plus (Green, 128 GB)","₹82,990"
745,"itel S23 (Mystery White, 128 GB)","₹7,299"
746,Kechaoda K33,"₹1,075"
747,"SAMSUNG Galaxy S23 Ultra 5G (Phantom Black, 256 GB)","₹99,999"
748,Kechaoda K10,₹989
749,"itel S23 with Dual Sim| 50MP Rear Camera| 5000mAh Battery|Expandable Upto 1 TB (Starry Black, 128 GB)","₹6,974"
750,"SAMSUNG Galaxy A14 5G (Black, 128 GB)","₹16,999"
751,"SAMSUNG GALAXY M13 (Midnight Blue, 64 GB)","₹9,333"
752,LAVA 34 Ultra,"₹1,599"
753,Micromax X512,"₹1,038"
754,"OnePlus 10R (Forest Green, 128 GB)","₹26,999"
755,Micromax X746,"₹1,450"
756,"Nokia G11 Plus DS 50MP Camera, 8MP+2MP Dual Front Camera (Blue, 64 GB)","₹8,244"
757,"OnePlus Nord CE3 5G (Aqua Surge, 128 GB)","₹24,675"
758,"Apple iPhone 15 Pro (Natural Titanium, 128 GB)","₹1,27,990"
759,Kechaoda K33,"₹1,075"
760,Nokia TA-1304/105 SS,"₹1,205"
761,"SAMSUNG Galaxy S24 5G (Cobalt Violet, 256 GB)","₹79,999"
762,itel it5026 Keypad Mobile|1200 mAh battery|Expandable Storage upto 32GB,"₹1,289"
763,itel it5330 | 2.8 inch Big Display | 1900 mAh Battery | Kingvoice,"₹1,499"
764,"Apple iPhone 15 Plus (Blue, 256 GB)","₹92,999"
765,KARBONN K9,"₹1,375"
766,Kechaoda A26_black,₹970
767,"OPPO A17 (Midnight Black, 64 GB)","₹9,999"
768,Kechaoda K33,"₹1,075"
769,"POCO M5 (Icy Blue, 128 GB)","₹14,499"
770,Kechaoda K66 The Music House 4,"₹1,150"
771,Kechaoda A27,₹980
772,"REDMI Note 13 Pro+ 5G (Fusion White, 256 GB)","₹33,999"
773,"itel P40 Plus,Upto 8GB RAM|13MP Rear Camera|7000mAh Battery with 18W Fast Charging (Force Black, 128 G...","₹7,376"
774,Kechaoda K66 The Music House 4,"₹1,150"
775,"Nokia 130 Music Dual Sim, Music Player, Wireless FM Radio and Dedicated Music Buttons","₹2,049"
776,"SAMSUNG Galaxy S23 FE (Graphite, 128 GB)","₹54,999"
777,KARBONN K9 Yuva,"₹1,239"
778,KARBONN K9 Yuva,"₹1,225"
779,"vivo X100 Pro (Asteroid Black, 512 GB)","₹89,999"
780,"POCO M2 Pro (Green and Greener, 128 GB)","₹19,999"
781,Kechaoda K60,"₹1,775"
782,"POCO X5 5G (Wildcat Blue, 256 GB)","₹23,999"
783,"SAMSUNG Galaxy S24 Ultra 5G (Titanium Gray, 512 GB)","₹1,39,999"
784,"SAMSUNG Galaxy A14 5G (Light Green, 128 GB)","₹16,999"
785,"itel A60S (GLACIER GREEN, 128 GB)","₹6,395"
786,itel MagicX 4G| 1200 mAh battery| Expanadable Storage upto 64GB,"₹1,549"
787,"SAMSUNG Galaxy A15 5G (Blue, 256 GB)","₹22,499"
788,itel it5026 Keypad Mobile|1200 mAh battery|Expandable Storage upto 32GB,"₹1,289"
789,itel it5026 Keypad Mobile|1200 mAh battery|Expandable Storage upto 32GB,"₹1,288"
790,Micromax X512,"₹1,040"
791,"Tecno Spark 10 Pro 50MP Dual Rear Camera (Lunar Eclipse, 128 GB)","₹10,898"
792,"vivo Y200 5G (Jungle Green, 128 GB)","₹21,999"
793,Kechaoda K9,"₹1,230"
794,"vivo Y16 (Drizzling Gold, 32 GB)","₹9,988"
795,"OPPO A78 5G (Glowing Blue, 128 GB)","₹18,999"
796,"POCO C65 (Matte Black, 128 GB)","₹10,290"
797,"OPPO A59 5G (Silk Gold, 128 GB)","₹15,299"
798,Kechaoda K115,"₹1,100"
799,"Tecno Pova 5 Pro 5G (Dark Illusion, 128 GB)","₹15,899"
800,Kechaoda K10,"₹1,040"
801,Nokia 105 Classic with Charger,"₹1,099"
802,"Infinix Smart 7 HD (Green Apple, 64 GB)","₹6,199"
803,"Infinix Smart 7 HD (Silk Blue, 64 GB)","₹6,199"
804,"Tecno Spark Go 2023 (Endless Black, 32+3 GB)","₹6,097"
805,"REDMI 10A (Charcoal Black, 32 GB)","₹7,440"
806,"SAMSUNG Galaxy S24 Ultra 5G (Titanium Violet, 512 GB)","₹1,39,999"
807,KARBONN K9 Yuva,"₹1,238"
808,Nokia 105 SS 2021,"₹1,347"
809,"Tecno Spark Go 2024 (Magic Skin Green, 64 GB)","₹7,499"
810,Good One G115,"₹1,049"
811,Jio V2 Keypad Phone with (UPI) Locked New,"₹1,071"
812,"Tecno Spark Go 2024 (Magic Skin Green, 64 GB)","₹7,489"
813,Kechaoda K9,"₹1,230"
814,"vivo Y16 (Drizzling Gold, 128 GB)","₹10,999"
815,"vivo Y16 (Steller Black, 128 GB)","₹10,999"
816,"OPPO A78 (Mist Black, 128 GB)","₹15,499"
817,"OPPO F23 5G (Bold Gold, 256 GB)","₹22,999"
818,"Tecno Spark Go 2023 (Nebula Purple, 64 GB)","₹6,996"
819,"vivo Y16 (Steller Black, 64 GB)","₹9,999"
820,"Tecno Spark Go 2023 (UYUNI BLUE, 32+3 GB)","₹6,049"
821,Kechaoda K115,"₹1,100"
822,LAVA A1 josh Bol,"₹1,049"
823,"Nokia 106 4G Keypad Mobile, Long-Lasting Battery, MicroSD Card Slot","₹2,363"
824,"Google Pixel 7 Pro (Snow, 128 GB)","₹66,999"
825,Micromax X749,"₹1,195"
826,Snexian GURU 312,₹609
827,"REDMI 13C (Starfrost White, 256 GB)","₹11,499"
828,"Infinix Smart 7 HD (Jade White, 64 GB)","₹6,199"
829,"Infinix Smart 7 HD (Ink Black, 64 GB)","₹6,199"
830,"Nokia C32 (Breezy Mint, 64 GB)","₹6,999"
831,"Google Pixel 8 (Hazel, 256 GB)","₹82,999"
832,Kechaoda K33,"₹1,064"
833,Micromax X516,"₹1,099"
834,"Google Pixel 8 (Rose, 128 GB)","₹75,999"
835,"vivo Y16 (Steller Black, 64 GB)","₹10,999"
836,"Nokia C32 (Charcoal, 128 GB)","₹7,499"
837,"Google Pixel 8 (Hazel, 128 GB)","₹75,999"
838,Micromax X516,"₹1,099"
839,Kechaoda K33,"₹1,064"
840,"Nokia C32 (Beach Pink, 64 GB)","₹6,999"
841,"vivo Y56 5G (Orange Shimmer, 128 GB)","₹17,999"
842,"POCO X5 5G (Wildcat Blue, 128 GB)","₹12,999"
843,"OPPO F23 5G (Cool Black, 256 GB)","₹22,999"
844,Cellecor X3,₹979
845,Cellecor X3,₹979
846,Kechaoda K99,₹999
847,UiSmart Ui-06,"₹1,599"
848,"vivo Y200 5G (Desert Gold, 128 GB)","₹21,999"
849,"Nokia 5310 DS Keypad Mobile, FM Radio,Camera with Flash (8MB RAM)","₹3,824"
850,"LAVA Z2 (Flame Red, 32 GB)","₹5,817"
851,itel Power 440| 2500 mAh battery| Expandable Storage Upto 32GB,"₹1,409"
852,MTR FERRARI,"₹1,380"
853,KARBONN KX3,₹981
854,"Apple iPhone 15 Pro Max (White Titanium, 256 GB)","₹1,48,900"
855,"REDMI 12 5G (Moonstone Silver, 128 GB)","₹13,680"
856,KARBONN K-Phone 1,"₹1,490"
857,"Apple iPhone 15 Pro (White Titanium, 128 GB)","₹1,27,990"
858,"Tecno Spark Go 2023 (Nebula Purple, 32 GB)","₹6,295"
859,"REDMI 10A SPORT (SLATE GREY, 128 GB)","₹9,440"
860,itel Power 440| 2500 mAh battery| Expandable Storage Upto 32GB,"₹1,409"
861,itel U30 keypad Mobile|1200 mAh battery|Expandable Storage Upto 32GB,₹993
862,"OPPO A17 (Midnight Black, 64 GB)","₹9,999"
863,Kechaoda K33,"₹1,075"
864,"realme 11 Pro 5G (Sunrise Beige, 128 GB)","₹23,999"
865,Kechaoda K66 The Music House 4,"₹1,150"
866,"POCO X5 5G (Wildcat Blue, 256 GB)","₹23,999"
867,"SAMSUNG Galaxy S24 5G (Amber Yellow, 256 GB)","₹79,999"
868,"Tecno Spark Go 2023 (Endless Black, 32+3 GB)","₹6,097"
869,Good One G115,"₹1,049"
870,KARBONN K9 Yuva,"₹1,225"
871,KARBONN K9 Yuva,"₹1,239"
872,"POCO M2 Pro (Green and Greener, 128 GB)","₹19,999"
873,Kechaoda K60,"₹1,775"
874,"Nokia G42 5G (So Pink, 256 GB)","₹16,939"
875,"itel P40 Plus (Icy Cyan, 128 GB)","₹7,499"
876,Micromax X512,"₹1,040"
877,"Apple iPhone 15 Pro Max (Black Titanium, 256 GB)","₹1,48,900"
878,itel it5026 Keypad Mobile|1200 mAh battery|Expandable Storage upto 32GB,"₹1,288"
879,itel it5026 Keypad Mobile|1200 mAh battery|Expandable Storage upto 32GB,"₹1,289"
880,"SAMSUNG Galaxy A14 5G (Light Green, 128 GB)","₹16,999"
881,"OPPO A78 (Mist Black, 128 GB)","₹15,499"
882,"OnePlus Nord CE 2 5G (Bahama Blue, 128 GB)","₹21,999"
883,"Tecno Pova 5 Pro 5G (Silver Fantasy, 128 GB)","₹15,749"
884,"vivo Y16 (Drizzling Gold, 32 GB)","₹9,988"
885,"OPPO A78 5G (Glowing Blue, 128 GB)","₹18,999"
886,Snexian GURU 312,₹609
887,"realme Narzo N53 (Feather Black, 128 GB)","₹10,744"
888,itel MagicX 4G| 1200 mAh battery| Expanadable Storage upto 64GB,"₹1,549"
889,"REDMI Note 12 5G (Sunrise Gold, 256 GB)","₹18,999"
890,"vivo Y33s (Mirror Black, 128 GB)","₹13,999"
891,"Nokia 2660 Flip 4G Volte Red keypad Mobile with Dual Sim & Screen, MP3 Player","₹4,399"
892,LAVA A1 vibe,"₹1,215"
893,"Motorola Edge 30 Fusion (Viva Magenta, 128 GB)","₹34,999"
894,"OPPO A18 (Glowing Black, 128 GB)","₹10,499"
895,BlackZone ECO X,"₹1,499"
896,BlackZone ECO X,"₹1,499"
897,BlackZone ECO X,"₹1,499"
898,"OPPO A18 (Glowing Blue, 128 GB)","₹10,499"
899,"Google Pixel 7 Pro (Obsidian, 128 GB)","₹66,999"
900,"OPPO A38 (Glowing Black, 128 GB)","₹10,999"
901,"OPPO A38 (Glowing Gold, 128 GB)","₹10,999"
902,Kechaoda K55 Pro,"₹1,140"
903,DIZO Star 500,"₹1,749"
904,"SAMSUNG Galaxy A14 5G (Black, 128 GB)","₹18,999"
905,"Tecno Pova 5 45W Ultra Fast Charging 6000mAh Big Battery 3D Textured Design 6.78 FHD (Hurricane Blue, ...","₹11,999"
906,Nokia 110 DS,"₹1,799"
907,"LAVA Blaze 2 5G (Glass Black, 64 GB)","₹10,299"
908,SAMSUNG Metro 313 Dual Sim,"₹2,340"
909,"REDMI Note 12 Pro 5G (Glacier Blue, 256 GB)","₹23,999"
910,"REDMI Note 12 Pro+ 5G (Obsidian Black, 256 GB)","₹27,999"
911,I Kall K3310,₹729
912,Salora Zing+,₹987
913,Micromax X778,"₹1,403"
914,SAMSUNG Metro 313 Dual Sim,"₹2,340"
915,"Apple iPhone 14 (Blue, 512 GB)","₹88,999"
916,KARBONN K531,"₹1,288"
917,"OnePlus Nord CE 2 5G (Bahama Blue, 128 GB)","₹21,399"
918,"Honor 90 5G (Emerald Green, 512 GB)","₹27,400"
919,"vivo Y33s (Midday Dream, 128 GB)","₹13,940"
920,"SAMSUNG Galaxy A34 5G (Awesome Silver, 128 GB)","₹27,499"
921,Micromax X778,"₹1,409"
922,"SAMSUNG GALAXY M13 (Stardust Brown, 64 GB)","₹10,199"
923,"Tecno Spark Go 2023 (Nebula Purple, 64 GB)","₹7,378"
924,"REDMI 11 Prime (Playful Green, 128 GB)","₹10,249"
925,Kechaoda K116,"₹1,130"
926,"Apple iPhone 15 Pro Max (Blue Titanium, 256 GB)","₹1,48,900"
927,BlackZone ECO X,"₹1,499"
928,Good One G115,"₹1,089"
929,"SAMSUNG GALAXY M13 (Midnight Blue, 64 GB)","₹9,799"
930,"vivo Y35 (Dawn Gold, 128 GB)","₹13,989"
931,"Nokia 150 Dual Sim Keypad Phone, Rear Camera, Long Lasting Battery Life and FM Radio","₹2,549"
932,"Nokia 130 Music Dual Sim, Music Player, Wireless FM Radio and Dedicated Music Buttons","₹2,199"
933,LAVA GEM POWER Blue,"₹1,669"
934,"LAVA Z3 (Striped Blue, 32 GB)","₹5,725"
935,"vivo Y17s (Forest Green, 128 GB)","₹11,499"
936,"vivo Y17s (Glitter Purple, 128 GB)","₹11,499"
937,"REDMI Note 12 Pro+ 5G (Iceberg Blue, 256 GB)","₹27,999"
938,"Tecno Spark Go 2023 6.56 HD+Display 13MP Dual Camera (UYUNI BLUE, 64 GB)","₹7,494"
939,"REDMI 11 Prime (Peppy Purple, 128 GB)","₹10,249"
940,"realme 11 Pro 5G (Astral Black, 256 GB)","₹27,999"
941,UiSmart Ui-06,"₹1,599"
942,LAVA Flip,"₹2,060"
943,"Tecno Spark Go 2023 (Endless Black, 64 GB)","₹7,145"
944,KARBONN KX3 STAR,₹999
945,"SAMSUNG M02s (Blue, 64 GB)","₹8,450"
946,"Google Pixel 7 Pro (Hazel, 128 GB)","₹66,999"
947,"SAMSUNG Galaxy S24 Ultra 5G (Titanium Black, 512 GB)","₹1,39,999"
948,Kechaoda A26_Pink,"₹1,299"
949,"IQOO Neo 7 5G (Frost Blue, 128 GB)","₹27,895"
950,"Google Pixel 8 (Mint, 128 GB)","₹75,999"
951,"vivo Y17s (Glitter Purple, 64 GB)","₹10,499"
952,"vivo Y17s (Forest Green, 64 GB)","₹10,499"
953,"itel S23 with Dual Sim| 50MP Rear Camera| 5000mAh Battery|Expandable Upto 1 TB (Sky Blue, 128 GB)","₹6,977"
954,"POCO F5 5G (Electric Blue, 256 GB)","₹29,999"
955,"Tecno Spark Go 2023 6.56 HD+Display 13MP Dual Camera (Orange, 64 GB)","₹6,979"
956,SAMSUNG METRO 312,"₹1,799"
957,Cellecor C60+,"₹1,276"
958,itel iPower 430 Triple sim|2500 mAh Battery|Expandable Storage upto 32GB,"₹1,527"
959,Kechaoda K9,"₹1,230"
960,"Nokia G11 Plus DS 50MP Camera, 8MP+2MP Dual Front Camera (Grey, 64 GB)","₹7,799"
961,"Motorola e13 (Creamy White, 128 GB)","₹7,499"
962,"LAVA Blaze 2pro (Swag Blue, 128 GB)","₹9,499"
963,"SAMSUNG Galaxy S23 5G (Phantom Black, 128 GB)","₹64,999"
964,Kechaoda K300,"₹1,099"
965,"LAVA Blaze 1X 5G (Glass Blue, 128 GB)","₹11,899"
966,Kechaoda K116,"₹1,130"
967,I Kall K100,₹682
968,"REDMI Note 12 5G (Matte Black, 128 GB)","₹16,999"
969,Salora Zing+,₹999
970,Kechaoda K300,"₹1,099"
971,"LAVA Blaze 1X 5G (Glass Green, 128 GB)","₹11,489"
972,"POCO C50 (Country Green, 32 GB)","₹6,799"
973,"Infinix Note 12 TURBO (Jewel Blue, 128 GB)","₹12,999"
974,"OnePlus Nord CE 2 5G (Bahama Blue, 128 GB)","₹21,999"
975,"SAMSUNG Galaxy F34 5G (Electric Black, 128 GB)","₹17,999"
976,KARBONN KX3 STAR,₹998
977,DIZO Star 500,"₹1,729"
978,"IQOO Neo 7 Pro (Dark Strom, 128 GB)","₹33,495"
979,"SAMSUNG Galaxy A15 5G (Light Blue, 256 GB)","₹22,499"
980,itel iPower 430 Triple sim|2500 mAh Battery|Expandable Storage upto 32GB,"₹1,593"
981,Kechaoda A 31,"₹1,099"
