Product Name,Price,Rating
,,N/A
,,N/A
,,N/A
"<div class=""_4rR01T"">vivo V25 Pro 5G (Sailing Blue, 128 GB)</div>","<div class=""_30jeq3 _1_WHN1"">₹27,499</div>","<div class=""_3LWZlK"">4.3<img class=""_1wB99o"" src=""data:image/svg+xml;base64,PHN2ZyB4bWxucz0iaHR0cDovL3d3dy53My5vcmcvMjAwMC9zdmciIHdpZHRoPSIxMyIgaGVpZ2h0PSIxMiI+PHBhdGggZmlsbD0iI0ZGRiIgZD0iTTYuNSA5LjQzOWwtMy42NzQgMi4yMy45NC00LjI2LTMuMjEtMi44ODMgNC4yNTQtLjQwNEw2LjUuMTEybDEuNjkgNC4wMSA0LjI1NC40MDQtMy4yMSAyLjg4Mi45NCA0LjI2eiIvPjwvc3ZnPg==""/></div>"
"<div class=""_4rR01T"">OPPO Reno7 5G (Starry Black, 256 GB)</div>","<div class=""_30jeq3 _1_WHN1"">₹37,990</div>","<div class=""_3LWZlK"">4.2<img class=""_1wB99o"" src=""data:image/svg+xml;base64,PHN2ZyB4bWxucz0iaHR0cDovL3d3dy53My5vcmcvMjAwMC9zdmciIHdpZHRoPSIxMyIgaGVpZ2h0PSIxMiI+PHBhdGggZmlsbD0iI0ZGRiIgZD0iTTYuNSA5LjQzOWwtMy42NzQgMi4yMy45NC00LjI2LTMuMjEtMi44ODMgNC4yNTQtLjQwNEw2LjUuMTEybDEuNjkgNC4wMSA0LjI1NC40MDQtMy4yMSAyLjg4Mi45NCA0LjI2eiIvPjwvc3ZnPg==""/></div>"
"<div class=""_4rR01T"">realme 12 Pro+ 5G (Navigator Beige, 256 GB)</div>","<div class=""_30jeq3 _1_WHN1"">₹33,999</div>",N/A
"<div class=""_4rR01T"">realme 12 Pro 5G (Navigator Beige, 256 GB)</div>","<div class=""_30jeq3 _1_WHN1"">₹26,999</div>","<div class=""_3LWZlK"">4.5<img class=""_1wB99o"" src=""data:image/svg+xml;base64,PHN2ZyB4bWxucz0iaHR0cDovL3d3dy53My5vcmcvMjAwMC9zdmciIHdpZHRoPSIxMyIgaGVpZ2h0PSIxMiI+PHBhdGggZmlsbD0iI0ZGRiIgZD0iTTYuNSA5LjQzOWwtMy42NzQgMi4yMy45NC00LjI2LTMuMjEtMi44ODMgNC4yNTQtLjQwNEw2LjUuMTEybDEuNjkgNC4wMSA0LjI1NC40MDQtMy4yMSAyLjg4Mi45NCA0LjI2eiIvPjwvc3ZnPg==""/></div>"
"<div class=""_4rR01T"">OPPO Reno7 5G (Startrails Blue, 256 GB)</div>","<div class=""_30jeq3 _1_WHN1"">₹37,990</div>","<div class=""_3LWZlK"">4.2<img class=""_1wB99o"" src=""data:image/svg+xml;base64,PHN2ZyB4bWxucz0iaHR0cDovL3d3dy53My5vcmcvMjAwMC9zdmciIHdpZHRoPSIxMyIgaGVpZ2h0PSIxMiI+PHBhdGggZmlsbD0iI0ZGRiIgZD0iTTYuNSA5LjQzOWwtMy42NzQgMi4yMy45NC00LjI2LTMuMjEtMi44ODMgNC4yNTQtLjQwNEw2LjUuMTEybDEuNjkgNC4wMSA0LjI1NC40MDQtMy4yMSAyLjg4Mi45NCA0LjI2eiIvPjwvc3ZnPg==""/></div>"
"<div class=""_4rR01T"">OnePlus 9 5G (Winter Mist, 256 GB)</div>","<div class=""_30jeq3 _1_WHN1"">₹36,990</div>","<div class=""_3LWZlK"">4<img class=""_1wB99o"" src=""data:image/svg+xml;base64,PHN2ZyB4bWxucz0iaHR0cDovL3d3dy53My5vcmcvMjAwMC9zdmciIHdpZHRoPSIxMyIgaGVpZ2h0PSIxMiI+PHBhdGggZmlsbD0iI0ZGRiIgZD0iTTYuNSA5LjQzOWwtMy42NzQgMi4yMy45NC00LjI2LTMuMjEtMi44ODMgNC4yNTQtLjQwNEw2LjUuMTEybDEuNjkgNC4wMSA0LjI1NC40MDQtMy4yMSAyLjg4Mi45NCA0LjI2eiIvPjwvc3ZnPg==""/></div>"
"<div class=""_4rR01T"">realme GT Neo 3 (Sprint White, 128 GB)</div>","<div class=""_30jeq3 _1_WHN1"">₹36,999</div>","<div class=""_3LWZlK"">4.2<img class=""_1wB99o"" src=""data:image/svg+xml;base64,PHN2ZyB4bWxucz0iaHR0cDovL3d3dy53My5vcmcvMjAwMC9zdmciIHdpZHRoPSIxMyIgaGVpZ2h0PSIxMiI+PHBhdGggZmlsbD0iI0ZGRiIgZD0iTTYuNSA5LjQzOWwtMy42NzQgMi4yMy45NC00LjI2LTMuMjEtMi44ODMgNC4yNTQtLjQwNEw2LjUuMTEybDEuNjkgNC4wMSA0LjI1NC40MDQtMy4yMSAyLjg4Mi45NCA0LjI2eiIvPjwvc3ZnPg==""/></div>"
"<div class=""_4rR01T"">OnePlus 9 5G (Winter Mist, 128 GB)</div>","<div class=""_30jeq3 _1_WHN1"">₹35,890</div>","<div class=""_3LWZlK"">3.8<img class=""_1wB99o"" src=""data:image/svg+xml;base64,PHN2ZyB4bWxucz0iaHR0cDovL3d3dy53My5vcmcvMjAwMC9zdmciIHdpZHRoPSIxMyIgaGVpZ2h0PSIxMiI+PHBhdGggZmlsbD0iI0ZGRiIgZD0iTTYuNSA5LjQzOWwtMy42NzQgMi4yMy45NC00LjI2LTMuMjEtMi44ODMgNC4yNTQtLjQwNEw2LjUuMTEybDEuNjkgNC4wMSA0LjI1NC40MDQtMy4yMSAyLjg4Mi45NCA0LjI2eiIvPjwvc3ZnPg==""/></div>"
"<div class=""_4rR01T"">realme GT Neo 3 (Nitro Blue, 128 GB)</div>","<div class=""_30jeq3 _1_WHN1"">₹36,999</div>","<div class=""_3LWZlK"">4.2<img class=""_1wB99o"" src=""data:image/svg+xml;base64,PHN2ZyB4bWxucz0iaHR0cDovL3d3dy53My5vcmcvMjAwMC9zdmciIHdpZHRoPSIxMyIgaGVpZ2h0PSIxMiI+PHBhdGggZmlsbD0iI0ZGRiIgZD0iTTYuNSA5LjQzOWwtMy42NzQgMi4yMy45NC00LjI2LTMuMjEtMi44ODMgNC4yNTQtLjQwNEw2LjUuMTEybDEuNjkgNC4wMSA0LjI1NC40MDQtMy4yMSAyLjg4Mi45NCA0LjI2eiIvPjwvc3ZnPg==""/></div>"
"<div class=""_4rR01T"">OPPO Reno6 5G (Aurora, 128 GB)</div>","<div class=""_30jeq3 _1_WHN1"">₹35,990</div>","<div class=""_3LWZlK"">4.3<img class=""_1wB99o"" src=""data:image/svg+xml;base64,PHN2ZyB4bWxucz0iaHR0cDovL3d3dy53My5vcmcvMjAwMC9zdmciIHdpZHRoPSIxMyIgaGVpZ2h0PSIxMiI+PHBhdGggZmlsbD0iI0ZGRiIgZD0iTTYuNSA5LjQzOWwtMy42NzQgMi4yMy45NC00LjI2LTMuMjEtMi44ODMgNC4yNTQtLjQwNEw2LjUuMTEybDEuNjkgNC4wMSA0LjI1NC40MDQtMy4yMSAyLjg4Mi45NCA0LjI2eiIvPjwvc3ZnPg==""/></div>"
"<div class=""_4rR01T"">OnePlus 9 5G (Arctic Sky, 128 GB)</div>","<div class=""_30jeq3 _1_WHN1"">₹36,690</div>","<div class=""_3LWZlK"">3.8<img class=""_1wB99o"" src=""data:image/svg+xml;base64,PHN2ZyB4bWxucz0iaHR0cDovL3d3dy53My5vcmcvMjAwMC9zdmciIHdpZHRoPSIxMyIgaGVpZ2h0PSIxMiI+PHBhdGggZmlsbD0iI0ZGRiIgZD0iTTYuNSA5LjQzOWwtMy42NzQgMi4yMy45NC00LjI2LTMuMjEtMi44ODMgNC4yNTQtLjQwNEw2LjUuMTEybDEuNjkgNC4wMSA0LjI1NC40MDQtMy4yMSAyLjg4Mi45NCA0LjI2eiIvPjwvc3ZnPg==""/></div>"
"<div class=""_4rR01T"">vivo V25 Pro 5G (Pure Black, 128 GB)</div>","<div class=""_30jeq3 _1_WHN1"">₹35,999</div>","<div class=""_3LWZlK"">4.3<img class=""_1wB99o"" src=""data:image/svg+xml;base64,PHN2ZyB4bWxucz0iaHR0cDovL3d3dy53My5vcmcvMjAwMC9zdmciIHdpZHRoPSIxMyIgaGVpZ2h0PSIxMiI+PHBhdGggZmlsbD0iI0ZGRiIgZD0iTTYuNSA5LjQzOWwtMy42NzQgMi4yMy45NC00LjI2LTMuMjEtMi44ODMgNC4yNTQtLjQwNEw2LjUuMTEybDEuNjkgNC4wMSA0LjI1NC40MDQtMy4yMSAyLjg4Mi45NCA0LjI2eiIvPjwvc3ZnPg==""/></div>"
"<div class=""_4rR01T"">OPPO Reno5 Pro 5G (Astral Blue, 128 GB)</div>","<div class=""_30jeq3 _1_WHN1"">₹38,990</div>","<div class=""_3LWZlK"">4.4<img class=""_1wB99o"" src=""data:image/svg+xml;base64,PHN2ZyB4bWxucz0iaHR0cDovL3d3dy53My5vcmcvMjAwMC9zdmciIHdpZHRoPSIxMyIgaGVpZ2h0PSIxMiI+PHBhdGggZmlsbD0iI0ZGRiIgZD0iTTYuNSA5LjQzOWwtMy42NzQgMi4yMy45NC00LjI2LTMuMjEtMi44ODMgNC4yNTQtLjQwNEw2LjUuMTEybDEuNjkgNC4wMSA0LjI1NC40MDQtMy4yMSAyLjg4Mi45NCA0LjI2eiIvPjwvc3ZnPg==""/></div>"
"<div class=""_4rR01T"">OPPO Reno5 Pro 5G (Starry Black, 128 GB)</div>","<div class=""_30jeq3 _1_WHN1"">₹38,990</div>","<div class=""_3LWZlK"">4.4<img class=""_1wB99o"" src=""data:image/svg+xml;base64,PHN2ZyB4bWxucz0iaHR0cDovL3d3dy53My5vcmcvMjAwMC9zdmciIHdpZHRoPSIxMyIgaGVpZ2h0PSIxMiI+PHBhdGggZmlsbD0iI0ZGRiIgZD0iTTYuNSA5LjQzOWwtMy42NzQgMi4yMy45NC00LjI2LTMuMjEtMi44ODMgNC4yNTQtLjQwNEw2LjUuMTEybDEuNjkgNC4wMSA0LjI1NC40MDQtMy4yMSAyLjg4Mi45NCA0LjI2eiIvPjwvc3ZnPg==""/></div>"
"<div class=""_4rR01T"">OPPO Reno6 5G (Stellar Black, 128 GB)</div>","<div class=""_30jeq3 _1_WHN1"">₹35,990</div>","<div class=""_3LWZlK"">4.3<img class=""_1wB99o"" src=""data:image/svg+xml;base64,PHN2ZyB4bWxucz0iaHR0cDovL3d3dy53My5vcmcvMjAwMC9zdmciIHdpZHRoPSIxMyIgaGVpZ2h0PSIxMiI+PHBhdGggZmlsbD0iI0ZGRiIgZD0iTTYuNSA5LjQzOWwtMy42NzQgMi4yMy45NC00LjI2LTMuMjEtMi44ODMgNC4yNTQtLjQwNEw2LjUuMTEybDEuNjkgNC4wMSA0LjI1NC40MDQtMy4yMSAyLjg4Mi45NCA0LjI2eiIvPjwvc3ZnPg==""/></div>"
"<div class=""_4rR01T"">POCO F3 GT 5G (Predator Black, 256 GB)</div>","<div class=""_30jeq3 _1_WHN1"">₹36,999</div>","<div class=""_3LWZlK"">4.3<img class=""_1wB99o"" src=""data:image/svg+xml;base64,PHN2ZyB4bWxucz0iaHR0cDovL3d3dy53My5vcmcvMjAwMC9zdmciIHdpZHRoPSIxMyIgaGVpZ2h0PSIxMiI+PHBhdGggZmlsbD0iI0ZGRiIgZD0iTTYuNSA5LjQzOWwtMy42NzQgMi4yMy45NC00LjI2LTMuMjEtMi44ODMgNC4yNTQtLjQwNEw2LjUuMTEybDEuNjkgNC4wMSA0LjI1NC40MDQtMy4yMSAyLjg4Mi45NCA0LjI2eiIvPjwvc3ZnPg==""/></div>"
"<div class=""_4rR01T"">Huawei P9 (Mystic Silver, 32 GB)</div>","<div class=""_30jeq3 _1_WHN1"">₹39,999</div>","<div class=""_3LWZlK"">4.5<img class=""_1wB99o"" src=""data:image/svg+xml;base64,PHN2ZyB4bWxucz0iaHR0cDovL3d3dy53My5vcmcvMjAwMC9zdmciIHdpZHRoPSIxMyIgaGVpZ2h0PSIxMiI+PHBhdGggZmlsbD0iI0ZGRiIgZD0iTTYuNSA5LjQzOWwtMy42NzQgMi4yMy45NC00LjI2LTMuMjEtMi44ODMgNC4yNTQtLjQwNEw2LjUuMTEybDEuNjkgNC4wMSA0LjI1NC40MDQtMy4yMSAyLjg4Mi45NCA0LjI2eiIvPjwvc3ZnPg==""/></div>"
"<div class=""_4rR01T"">IQOO 3 (Quantum Silver, 128 GB)</div>","<div class=""_30jeq3 _1_WHN1"">₹37,990</div>","<div class=""_3LWZlK"">4.5<img class=""_1wB99o"" src=""data:image/svg+xml;base64,PHN2ZyB4bWxucz0iaHR0cDovL3d3dy53My5vcmcvMjAwMC9zdmciIHdpZHRoPSIxMyIgaGVpZ2h0PSIxMiI+PHBhdGggZmlsbD0iI0ZGRiIgZD0iTTYuNSA5LjQzOWwtMy42NzQgMi4yMy45NC00LjI2LTMuMjEtMi44ODMgNC4yNTQtLjQwNEw2LjUuMTEybDEuNjkgNC4wMSA0LjI1NC40MDQtMy4yMSAyLjg4Mi45NCA0LjI2eiIvPjwvc3ZnPg==""/></div>"
"<div class=""_4rR01T"">ASUS ROG 5s (Black, 128 GB)</div>","<div class=""_30jeq3 _1_WHN1"">₹39,999</div>","<div class=""_3LWZlK"">4<img class=""_1wB99o"" src=""data:image/svg+xml;base64,PHN2ZyB4bWxucz0iaHR0cDovL3d3dy53My5vcmcvMjAwMC9zdmciIHdpZHRoPSIxMyIgaGVpZ2h0PSIxMiI+PHBhdGggZmlsbD0iI0ZGRiIgZD0iTTYuNSA5LjQzOWwtMy42NzQgMi4yMy45NC00LjI2LTMuMjEtMi44ODMgNC4yNTQtLjQwNEw2LjUuMTEybDEuNjkgNC4wMSA0LjI1NC40MDQtMy4yMSAyLjg4Mi45NCA0LjI2eiIvPjwvc3ZnPg==""/></div>"
"<div class=""_4rR01T"">Apple iPhone 8 (Gold, 64 GB)</div>","<div class=""_30jeq3 _1_WHN1"">₹39,900</div>","<div class=""_3LWZlK"">4.5<img class=""_1wB99o"" src=""data:image/svg+xml;base64,PHN2ZyB4bWxucz0iaHR0cDovL3d3dy53My5vcmcvMjAwMC9zdmciIHdpZHRoPSIxMyIgaGVpZ2h0PSIxMiI+PHBhdGggZmlsbD0iI0ZGRiIgZD0iTTYuNSA5LjQzOWwtMy42NzQgMi4yMy45NC00LjI2LTMuMjEtMi44ODMgNC4yNTQtLjQwNEw2LjUuMTEybDEuNjkgNC4wMSA0LjI1NC40MDQtMy4yMSAyLjg4Mi45NCA0LjI2eiIvPjwvc3ZnPg==""/></div>"
"<div class=""_4rR01T"">POCO C51 (Royal Blue, 64 GB)</div>","<div class=""_30jeq3 _1_WHN1"">₹5,499</div>","<div class=""_3LWZlK"">4<img class=""_1wB99o"" src=""data:image/svg+xml;base64,PHN2ZyB4bWxucz0iaHR0cDovL3d3dy53My5vcmcvMjAwMC9zdmciIHdpZHRoPSIxMyIgaGVpZ2h0PSIxMiI+PHBhdGggZmlsbD0iI0ZGRiIgZD0iTTYuNSA5LjQzOWwtMy42NzQgMi4yMy45NC00LjI2LTMuMjEtMi44ODMgNC4yNTQtLjQwNEw2LjUuMTEybDEuNjkgNC4wMSA0LjI1NC40MDQtMy4yMSAyLjg4Mi45NCA0LjI2eiIvPjwvc3ZnPg==""/></div>"
"<div class=""_4rR01T"">vivo T2x 5G (Aurora Gold, 128 GB)</div>","<div class=""_30jeq3 _1_WHN1"">₹12,999</div>","<div class=""_3LWZlK"">4.4<img class=""_1wB99o"" src=""data:image/svg+xml;base64,PHN2ZyB4bWxucz0iaHR0cDovL3d3dy53My5vcmcvMjAwMC9zdmciIHdpZHRoPSIxMyIgaGVpZ2h0PSIxMiI+PHBhdGggZmlsbD0iI0ZGRiIgZD0iTTYuNSA5LjQzOWwtMy42NzQgMi4yMy45NC00LjI2LTMuMjEtMi44ODMgNC4yNTQtLjQwNEw2LjUuMTEybDEuNjkgNC4wMSA0LjI1NC40MDQtMy4yMSAyLjg4Mi45NCA0LjI2eiIvPjwvc3ZnPg==""/></div>"
"<div class=""_4rR01T"">vivo T2x 5G (Aurora Gold, 128 GB)</div>","<div class=""_30jeq3 _1_WHN1"">₹14,999</div>","<div class=""_3LWZlK"">4.3<img class=""_1wB99o"" src=""data:image/svg+xml;base64,PHN2ZyB4bWxucz0iaHR0cDovL3d3dy53My5vcmcvMjAwMC9zdmciIHdpZHRoPSIxMyIgaGVpZ2h0PSIxMiI+PHBhdGggZmlsbD0iI0ZGRiIgZD0iTTYuNSA5LjQzOWwtMy42NzQgMi4yMy45NC00LjI2LTMuMjEtMi44ODMgNC4yNTQtLjQwNEw2LjUuMTEybDEuNjkgNC4wMSA0LjI1NC40MDQtMy4yMSAyLjg4Mi45NCA0LjI2eiIvPjwvc3ZnPg==""/></div>"
"<div class=""_4rR01T"">vivo T2x 5G (Marine Blue, 128 GB)</div>","<div class=""_30jeq3 _1_WHN1"">₹11,999</div>","<div class=""_3LWZlK"">4.4<img class=""_1wB99o"" src=""data:image/svg+xml;base64,PHN2ZyB4bWxucz0iaHR0cDovL3d3dy53My5vcmcvMjAwMC9zdmciIHdpZHRoPSIxMyIgaGVpZ2h0PSIxMiI+PHBhdGggZmlsbD0iI0ZGRiIgZD0iTTYuNSA5LjQzOWwtMy42NzQgMi4yMy45NC00LjI2LTMuMjEtMi44ODMgNC4yNTQtLjQwNEw2LjUuMTEybDEuNjkgNC4wMSA0LjI1NC40MDQtMy4yMSAyLjg4Mi45NCA0LjI2eiIvPjwvc3ZnPg==""/></div>"
,,N/A
,,N/A
,,"<div class=""_3LWZlK"">4.5<img class=""_1wB99o"" src=""data:image/svg+xml;base64,PHN2ZyB4bWxucz0iaHR0cDovL3d3dy53My5vcmcvMjAwMC9zdmciIHdpZHRoPSIxMyIgaGVpZ2h0PSIxMiI+PHBhdGggZmlsbD0iI0ZGRiIgZD0iTTYuNSA5LjQzOWwtMy42NzQgMi4yMy45NC00LjI2LTMuMjEtMi44ODMgNC4yNTQtLjQwNEw2LjUuMTEybDEuNjkgNC4wMSA0LjI1NC40MDQtMy4yMSAyLjg4Mi45NCA0LjI2eiIvPjwvc3ZnPg==""/></div>"
,,N/A
